content_key,genre_id
1,11
2,18
2,35
2,37
3,9
3,18
3,33
4,12
4,24
5,18
5,26
5,34
6,35
6,36
6,37
7,5
8,13
8,16
8,17
9,4
9,24
10,8
10,13
11,9
11,12
11,18
12,9
12,18
12,33
13,13
13,17
14,5
14,8
15,4
15,9
15,12
16,34
16,35
17,11
17,17
18,9
18,29
18,35
19,42
20,18
20,29
20,33
21,9
21,12
21,18
22,18
22,33
22,35
23,8
23,17
24,5
25,8
25,17
25,25
26,12
26,18
26,24
27,8
27,17
27,23
28,8
29,15
29,27
30,42
31,13
31,16
31,17
32,34
33,4
33,18
33,34
34,18
34,35
34,40
35,19
36,13
36,17
36,42
37,1
37,13
37,17
38,19
38,34
39,1
39,13
40,19
41,19
41,38
42,1
42,7
42,13
43,13
43,15
43,42
44,1
44,15
44,42
45,1
45,15
45,42
46,11
47,1
48,18
48,26
48,34
49,13
49,42
50,18
50,35
51,18
51,35
51,38
52,1
52,2
52,17
53,1
53,2
53,17
54,1
54,2
54,17
55,1
55,2
55,17
56,24
57,1
57,2
57,17
58,1
58,2
58,17
59,1
59,2
59,17
60,1
60,2
60,17
61,1
61,2
61,17
62,1
62,2
62,17
63,1
63,2
63,17
64,1
64,2
64,17
65,5
66,19
67,12
67,18
68,19
68,34
69,11
69,17
69,30
70,18
70,35
71,18
71,24
71,26
72,5
73,4
73,12
73,18
74,13
74,17
75,24
76,5
77,3
77,18
78,5
78,8
79,8
79,13
79,17
80,8
80,13
80,17
81,5
82,1
83,9
83,34
83,35
84,24
85,1
85,8
85,13
86,3
86,19
87,17
87,42
88,19
88,20
89,11
89,30
90,19
91,27
91,42
92,11
92,17
93,18
93,35
93,37
94,13
94,17
94,25
95,5
95,8
96,24
97,11
97,23
98,19
98,34
98,38
99,4
99,19
100,34
100,35
101,19
102,11
102,30
103,12
103,28
104,13
104,17
104,42
105,19
105,20
106,1
106,8
106,13
107,19
107,34
108,5
108,13
109,19
109,35
109,41
110,9
110,18
110,29
111,12
111,18
111,29
112,19
113,13
114,8
114,25
115,13
115,17
115,42
116,13
116,25
117,8
117,13
117,16
118,11
119,13
119,17
119,42
120,13
120,17
120,25
121,19
121,34
122,18
122,26
122,34
123,42
124,19
125,19
125,20
126,9
126,33
126,34
127,13
127,17
127,25
128,5
128,8
129,13
129,17
129,42
130,13
131,5
131,23
132,1
132,7
132,10
133,18
133,33
133,34
134,1
134,27
135,1
135,13
136,1
137,13
137,25
138,1
138,8
139,13
139,25
140,7
140,8
140,13
141,13
141,17
141,42
142,1
143,13
144,1
144,27
145,8
145,10
146,8
146,10
146,23
147,8
147,23
148,24
149,39
150,1
150,8
151,42
152,1
152,17
153,8
154,19
155,3
155,18
155,41
156,1
156,5
156,10
157,8
157,13
157,25
158,27
158,42
159,8
159,25
160,8
160,13
160,17
161,34
162,8
162,10
162,27
163,13
164,8
164,25
165,1
165,8
166,9
166,18
166,29
167,7
167,13
168,5
168,8
169,1
169,5
169,8
170,1
170,13
171,11
171,23
172,13
172,14
173,8
173,23
174,11
174,21
175,1
175,13
176,13
176,25
177,1
177,8
178,1
178,7
179,1
179,8
180,8
180,25
181,8
181,25
182,12
183,8
184,1
184,7
185,24
186,11
186,30
187,18
187,26
187,34
188,18
188,34
189,8
189,17
190,19
190,34
191,13
191,17
192,13
192,16
193,1
193,8
193,17
194,18
194,35
195,18
195,29
195,35
196,8
196,13
196,17
197,8
197,25
198,19
198,34
199,9
199,18
199,35
200,8
200,13
200,17
201,1
201,15
201,17
202,13
202,17
202,42
203,8
203,17
203,23
204,8
204,17
205,8
205,17
206,8
206,17
206,27
207,13
207,16
207,17
208,1
208,17
208,23
209,13
209,17
209,23
210,13
210,17
210,23
211,15
211,17
212,15
212,17
213,18
213,35
214,12
214,18
215,1
215,17
216,1
216,13
216,17
217,8
217,13
217,16
218,8
218,13
218,17
219,24
219,41
220,3
220,18
221,19
221,34
222,11
223,9
223,35
223,37
224,9
224,12
224,18
225,18
225,24
226,18
226,35
226,37
227,18
227,34
227,35
228,13
228,16
228,25
229,1
230,15
231,11
231,30
232,5
232,13
233,24
234,11
234,23
235,19
235,34
236,11
236,21
236,30
237,15
237,17
237,42
238,15
238,17
238,42
239,15
239,17
239,42
240,15
240,17
240,42
241,1
241,2
242,35
242,37
242,38
243,18
243,34
244,18
244,29
244,34
245,13
245,17
245,42
246,12
246,18
247,13
247,17
247,25
248,1
248,13
249,34
249,35
250,5
250,8
250,23
251,13
251,17
251,25
252,13
252,16
252,25
253,17
253,42
254,13
254,17
254,25
255,19
256,11
256,17
257,13
257,17
258,13
258,17
258,25
259,8
259,13
259,17
260,8
260,13
260,17
261,9
261,18
261,35
262,8
262,17
262,25
263,11
263,21
263,30
264,19
265,8
265,16
266,3
266,18
266,26
267,12
267,18
268,7
268,13
268,16
269,13
269,17
270,19
271,1
272,35
272,36
272,37
273,19
274,9
274,18
274,35
275,34
275,35
276,9
276,18
276,29
277,18
277,26
277,29
278,18
278,35
278,41
279,31
280,1
280,2
280,5
281,24
282,8
282,17
283,13
283,16
283,17
284,11
284,17
285,8
285,25
286,13
286,17
287,19
288,18
288,26
288,34
289,9
289,18
289,29
290,18
290,26
290,35
291,11
291,30
292,3
292,18
293,8
293,13
293,16
294,8
294,17
294,25
295,17
295,23
296,1
296,8
297,33
297,35
297,37
298,39
299,8
299,13
299,17
300,15
300,16
300,17
301,5
301,23
302,1
302,8
302,17
303,11
303,17
304,8
304,10
304,17
305,11
306,7
306,13
306,17
307,13
307,17
308,15
309,22
310,24
311,9
311,12
312,18
312,29
312,35
313,24
314,18
314,26
314,35
315,13
315,16
315,25
316,13
316,17
317,18
317,26
317,34
318,11
318,21
319,11
319,17
320,18
320,26
320,34
321,12
322,18
322,26
322,34
323,18
323,26
323,34
324,34
325,19
326,5
326,8
327,5
327,8
328,1
328,27
329,1
330,13
331,5
331,8
331,27
332,3
332,18
332,40
333,1
333,15
333,27
334,7
334,8
334,10
335,13
335,25
336,13
336,42
337,35
337,41
338,8
338,25
339,3
339,18
340,13
340,16
340,17
341,1
341,27
341,42
342,13
342,16
343,8
344,13
345,5
345,8
345,13
346,5
346,8
347,1
347,8
348,5
348,8
348,27
349,8
350,13
350,30
351,1
351,13
351,27
352,1
352,8
352,10
353,8
353,13
354,15
355,1
355,8
356,13
356,42
357,1
358,13
358,16
358,42
359,42
360,31
361,8
361,25
362,35
362,38
363,13
363,17
364,1
364,17
364,42
365,19
365,34
366,13
366,16
366,17
367,4
367,18
367,24
368,11
368,17
369,18
369,24
370,4
370,9
370,12
371,33
371,35
371,41
372,13
372,16
372,17
373,1
373,17
374,1
374,8
374,17
375,8
375,17
375,25
376,8
376,25
377,3
378,1
378,17
379,11
380,24
381,9
381,33
381,38
382,9
382,18
382,29
383,35
383,41
384,1
384,17
385,42
386,9
386,18
386,34
387,19
388,8
388,13
388,17
389,32
389,34
390,13
390,17
390,42
391,6
391,33
391,35
392,18
392,33
392,35
393,1
393,13
394,5
394,30
395,13
395,16
395,17
396,8
396,17
397,1
397,15
397,17
398,18
398,26
398,34
399,15
399,17
399,42
400,33
400,38
401,3
401,32
402,18
402,29
402,33
403,13
403,25
404,12
405,11
406,5
407,5
408,5
409,5
410,5
411,5
412,5
413,5
414,5
415,5
416,5
417,5
418,5
419,5
420,5
420,30
421,5
422,5
423,5
424,5
425,5
426,35
427,13
428,8
428,17
429,2
429,5
429,17
430,13
430,17
430,42
431,4
431,18
431,24
432,18
432,24
432,26
433,5
434,8
434,13
434,16
435,6
435,9
435,18
436,9
436,18
436,26
437,13
437,17
437,25
438,1
439,13
439,17
439,25
440,13
440,17
440,42
441,12
441,28
442,15
442,21
443,19
443,34
444,8
444,17
445,12
446,13
446,16
446,42
447,13
448,13
448,25
449,13
449,25
450,13
450,25
451,13
451,25
452,1
452,13
452,25
453,8
453,13
453,17
454,3
454,18
455,8
455,10
456,11
456,17
456,23
457,18
457,26
457,34
458,11
458,17
458,30
459,13
459,17
459,25
460,34
460,35
460,41
461,5
461,8
461,30
462,8
462,13
462,16
463,11
464,15
464,17
465,1
465,8
466,9
466,12
467,24
468,11
468,17
469,8
469,13
469,17
470,13
470,16
471,22
472,5
472,13
472,17
473,19
474,11
474,30
475,1
475,8
476,31
477,8
477,11
477,17
478,34
478,35
478,41
479,18
479,35
479,38
480,15
481,8
481,13
481,17
482,1
482,13
482,17
483,12
484,13
484,17
484,25
485,31
486,42
487,5
487,8
487,27
488,18
488,26
488,29
489,26
489,35
490,8
490,17
491,9
491,12
491,18
492,8
492,13
492,25
493,13
493,25
494,3
494,36
494,40
495,8
495,23
496,11
496,17
497,1
497,17
498,12
499,13
499,17
500,12
501,1
501,17
502,13
502,17
503,13
503,17
503,25
504,9
504,18
504,35
505,18
505,29
505,34
506,13
506,17
507,17
507,25
508,8
508,17
509,13
509,17
510,19
511,18
511,35
511,37
512,32
512,34
513,19
514,33
514,35
514,38
515,4
515,18
515,34
516,4
516,18
516,34
517,18
517,35
517,37
518,18
518,26
518,34
519,13
519,17
520,4
520,9
520,12
521,34
522,18
522,34
523,19
523,20
523,34
524,4
524,9
524,18
525,18
525,35
526,19
527,34
527,35
528,19
529,13
529,17
529,25
530,13
530,17
531,19
531,34
532,13
532,17
533,9
533,36
533,37
534,18
534,35
535,13
535,17
536,19
536,34
537,12
537,18
537,28
538,18
538,24
539,4
539,18
539,35
540,19
540,33
540,38
541,4
541,19
542,8
542,13
542,17
543,13
543,17
544,9
544,18
544,33
545,18
545,34
546,19
546,20
547,18
547,26
547,35
548,19
549,26
549,35
550,18
550,24
551,15
551,21
552,17
552,25
552,42
553,8
553,17
554,9
554,18
554,35
555,13
555,17
555,42
556,1
556,10
556,17
557,15
557,17
557,42
558,15
558,27
559,1
560,1
561,11
561,30
562,1
562,8
563,8
564,1
564,8
564,27
565,8
565,13
565,16
566,18
566,19
566,37
567,1
567,8
568,1
568,42
569,5
569,8
570,13
570,17
570,25
571,1
571,17
572,18
572,26
572,34
573,8
573,13
573,17
574,5
574,8
575,5
575,8
576,8
576,13
576,25
577,13
577,14
577,17
578,18
578,34
579,13
579,25
580,1
580,7
580,8
581,1
581,2
581,17
582,1
582,27
583,8
583,13
584,8
584,25
585,8
586,13
586,25
587,15
588,18
588,34
588,35
589,19
590,13
590,17
591,3
591,19
592,13
592,25
593,8
593,25
594,5
594,8
595,1
595,27
596,5
596,8
597,8
597,13
597,16
598,1
598,8
598,30
599,13
599,42
600,13
601,42
602,1
602,5
602,7
603,1
603,5
603,13
604,5
604,13
605,13
606,1
607,13
607,17
608,15
608,42
609,1
610,1
610,25
611,1
611,15
611,27
612,1
612,15
612,27
613,1
613,15
613,27
614,13
614,17
614,42
615,13
615,25
615,27
616,13
616,23
616,25
617,13
618,18
618,26
618,35
619,1
619,8
620,13
620,17
621,24
622,3
622,9
622,18
623,42
624,8
624,13
624,17
625,13
625,17
625,42
626,9
626,18
626,29
627,4
627,9
627,12
628,3
628,18
628,41
629,19
630,13
630,17
631,13
632,3
632,18
633,8
633,17
634,13
634,16
634,17
635,11
635,17
636,13
636,17
637,1
638,18
638,35
638,37
639,26
639,35
640,3
640,18
641,18
641,35
642,11
642,30
643,18
643,35
644,15
645,8
645,25
646,11
646,17
647,8
647,17
647,23
648,18
648,24
649,24
649,26
650,13
650,17
650,25
651,13
651,17
652,8
652,13
652,17
653,8
653,13
653,17
654,12
654,18
655,8
655,13
655,17
656,8
656,13
656,17
657,17
657,23
657,25
658,24
658,33
658,37
659,18
659,26
659,35
660,18
660,26
660,35
661,33
661,35
661,38
662,18
662,34
662,35
663,34
664,18
664,35
665,19
666,9
666,18
666,35
667,18
667,26
667,34
668,34
668,35
668,41
669,9
669,35
670,9
670,18
670,29
671,1
671,2
671,17
672,1
672,2
672,17
673,1
673,2
673,17
674,18
674,24
674,29
675,35
676,18
676,24
676,26
677,9
677,35
677,37
678,34
679,9
679,35
679,40
680,9
680,18
680,35
681,12
682,4
682,12
683,18
683,34
684,13
684,17
685,9
685,18
685,29
686,13
687,18
687,20
687,34
688,1
688,13
688,17
689,8
689,17
689,25
690,1
690,2
690,7
691,1
691,17
692,18
692,34
693,18
693,26
693,35
694,8
694,13
694,17
695,8
695,13
695,16
696,13
696,17
697,33
697,35
697,36
698,18
698,26
698,29
699,13
699,16
699,17
700,18
700,35
700,37
701,3
701,18
702,13
703,8
703,13
703,16
704,18
704,35
704,37
705,8
705,13
705,17
706,11
706,17
706,30
707,18
707,29
707,35
708,18
708,26
708,34
709,13
709,16
710,18
710,26
710,29
711,12
711,28
712,13
712,17
712,42
713,1
713,13
713,17
714,19
714,34
715,9
715,18
715,40
716,18
716,26
716,29
717,11
718,11
719,8
719,16
720,19
721,19
722,1
723,11
724,24
725,11
726,18
726,29
726,35
727,39
728,11
729,15
730,22
731,22
732,18
732,35
733,22
734,19
735,9
735,18
735,33
736,8
736,13
736,17
737,5
737,13
737,17
738,3
738,9
738,36
739,2
739,11
740,5
740,8
741,8
741,15
742,13
742,17
743,13
743,17
744,13
744,16
744,25
745,18
745,29
745,32
746,17
746,42
747,13
747,42
748,8
748,13
748,17
749,24
750,9
750,33
750,34
751,13
751,16
751,17
752,19
752,34
753,1
753,8
753,27
754,18
754,26
754,29
755,13
755,16
756,5
756,11
756,17
757,13
757,17
757,25
758,11
759,26
759,34
759,35
760,22
761,22
762,12
762,28
763,8
763,17
763,25
764,33
764,35
764,38
765,8
765,17
765,25
766,1
766,17
767,31
768,18
768,34
769,8
769,13
769,17
770,11
770,17
771,11
771,17
771,23
772,39
773,18
773,26
773,35
774,13
774,17
774,42
775,13
775,14
775,25
776,13
776,16
776,21
777,1
778,8
778,16
778,21
779,3
779,18
780,1
780,10
780,27
781,19
782,11
783,13
783,25
784,8
784,17
784,23
785,8
785,13
785,16
786,19
787,1
787,13
788,1
789,42
790,4
790,18
790,35
791,11
792,1
792,13
793,8
793,13
793,25
794,8
794,25
795,8
795,13
795,17
796,34
797,10
797,15
798,13
799,8
799,13
799,16
800,13
800,30
801,13
801,16
801,21
802,1
802,13
802,30
803,1
804,3
804,26
804,41
805,15
805,42
806,18
806,34
806,35
807,1
807,13
807,17
808,1
808,13
808,17
809,1
810,1
810,8
811,1
811,7
811,10
812,5
813,1
814,19
815,8
815,25
816,13
816,17
816,21
817,42
818,8
818,13
818,16
819,8
819,13
819,25
820,1
820,7
821,18
821,35
821,37
822,13
822,25
822,42
823,15
824,8
824,13
824,16
825,42
826,9
826,35
826,37
827,31
828,8
828,17
829,13
830,5
830,8
831,34
831,35
832,12
832,18
832,29
833,18
833,33
833,35
834,9
834,18
834,35
835,5
835,13
835,14
836,3
836,18
837,15
837,17
837,42
838,18
838,33
838,35
839,31
840,13
840,16
840,17
841,13
841,17
841,30
842,1
842,13
842,17
843,12
844,3
844,18
845,11
845,17
846,13
846,17
846,42
847,5
847,8
847,27
848,18
848,26
848,34
849,34
849,35
850,17
850,23
851,13
851,17
851,23
852,13
852,17
852,23
853,13
853,17
853,23
854,1
854,15
855,11
856,19
856,33
856,38
857,13
857,17
858,18
858,29
858,34
859,13
859,16
859,17
860,13
860,17
861,11
861,17
861,21
862,5
862,8
863,34
864,5
864,8
865,13
865,17
865,42
866,1
866,13
867,42
868,11
869,19
870,9
870,18
870,29
871,11
872,8
872,13
872,17
873,13
873,16
873,27
874,13
874,16
874,17
875,19
876,13
876,17
876,25
877,12
877,18
878,8
878,16
878,17
879,13
879,17
879,42
880,35
881,24
881,36
881,40
882,13
882,17
882,42
883,5
883,8
884,33
884,36
884,38
885,18
885,35
886,8
886,13
886,17
887,18
887,36
887,38
888,15
888,17
888,42
889,8
890,13
890,42
891,3
891,36
891,40
892,16
892,17
892,42
893,13
893,16
893,17
894,11
894,17
894,23
895,13
895,16
895,17
896,13
896,17
896,42
897,34
898,18
898,26
898,34
899,8
899,13
899,17
900,13
900,17
901,12
902,16
902,42
903,18
903,35
904,13
904,17
904,42
905,1
906,1
906,13
906,17
907,13
907,17
908,11
909,33
909,38
910,13
910,16
910,17
911,13
912,19
912,34
913,8
914,13
914,17
914,25
915,11
916,13
916,17
916,42
917,1
918,11
918,13
919,24
920,9
920,12
921,35
922,9
922,35
923,13
923,16
923,42
924,19
925,5
925,8
926,4
926,19
927,1
927,13
928,19
929,1
929,30
930,1
930,15
931,1
931,8
932,8
933,1
934,5
934,13
935,13
935,16
936,5
936,8
937,19
938,5
938,8
939,5
939,8
939,23
940,5
940,23
941,5
941,8
942,5
942,8
943,13
943,42
944,1
944,13
944,30
945,1
946,13
946,17
947,1
947,27
948,13
948,42
949,8
950,1
950,27
951,13
951,17
951,27
952,8
952,25
953,1
953,8
954,13
954,42
955,5
955,8
956,1
957,8
957,16
957,25
958,24
959,13
959,17
960,13
960,16
960,17
961,9
961,18
961,29
962,5
962,8
963,15
964,18
964,29
964,34
965,15
965,42
966,3
966,18
967,8
967,17
968,12
968,28
969,18
969,34
969,35
970,13
971,1
971,27
972,42
973,18
973,35
973,40
974,13
974,17
975,13
975,16
975,17
976,1
976,8
976,13
977,8
977,17
978,8
978,17
979,8
979,17
979,25
980,8
980,17
981,8
981,17
982,1
982,8
982,17
983,8
983,13
983,17
984,11
984,17
984,23
985,8
985,17
986,8
986,17
986,25
987,8
987,17
987,25
988,8
988,17
989,18
989,26
989,34
990,8
990,17
991,8
991,17
992,13
992,16
992,17
993,17
993,23
994,33
994,35
994,38
995,13
995,17
995,25
996,8
996,13
996,17
997,15
997,17
997,42
998,4
998,12
998,18
999,11
999,17
1000,13
1000,17
1000,42
1001,1
1001,17
1002,13
1002,17
1002,42
1003,8
1003,17
1004,18
1004,34
1004,35
1005,19
1006,5
1006,8
1007,5
1007,8
1008,5
1008,8
1009,5
1010,5
1011,5
1012,11
1013,18
1013,29
1013,35
1014,42
1015,19
1016,13
1017,1
1017,8
1017,17
1018,13
1018,17
1019,8
1019,17
1019,23
1020,13
1020,17
1020,23
1021,11
1021,17
1022,8
1022,13
1022,16
1023,13
1023,17
1024,13
1024,16
1024,17
1025,5
1025,8
1025,23
1026,3
1026,19
1027,5
1028,15
1028,25
1028,27
1029,8
1030,13
1030,17
1031,5
1031,8
1031,13
1032,13
1032,17
1032,25
1033,18
1033,32
1034,1
1034,13
1034,17
1035,42
1036,13
1037,1
1037,27
1038,8
1038,13
1038,17
1039,18
1039,26
1039,34
1040,11
1040,23
1041,3
1041,9
1041,18
1042,1
1042,2
1042,15
1043,12
1044,26
1044,34
1044,35
1045,3
1045,18
1045,40
1046,24
1047,42
1048,18
1048,35
1049,19
1050,4
1050,19
1051,13
1051,17
1051,21
1052,3
1052,19
1053,13
1053,16
1054,11
1054,23
1055,11
1055,17
1055,23
1056,10
1056,13
1056,23
1057,18
1057,35
1058,34
1059,4
1059,18
1059,35
1060,35
1060,40
1061,24
1061,26
1062,9
1062,12
1063,9
1063,18
1063,35
1064,34
1064,35
1065,9
1065,18
1065,20
1066,36
1066,37
1066,40
1067,13
1067,17
1067,42
1068,18
1068,35
1068,41
1069,12
1069,28
1070,13
1070,17
1070,25
1071,11
1072,5
1072,23
1073,5
1073,8
1073,23
1074,5
1074,23
1075,5
1076,12
1077,5
1078,5
1079,5
1080,26
1080,34
1080,35
1081,1
1081,2
1081,17
1082,19
1082,34
1083,18
1083,24
1084,8
1085,3
1085,18
1085,26
1086,13
1086,17
1087,13
1087,17
1087,42
1088,8
1088,15
1088,17
1089,1
1089,8
1090,13
1091,13
1091,17
1091,25
1092,3
1092,18
1093,11
1093,23
1094,18
1094,24
1094,26
1095,24
1095,26
1096,9
1096,12
1096,37
1097,5
1097,8
1098,11
1099,8
1099,13
1099,17
1100,13
1100,17
1101,15
1101,42
1102,5
1102,8
1102,27
1103,8
1104,1
1104,13
1104,17
1105,5
1105,8
1105,13
1106,13
1106,16
1107,1
1108,13
1108,14
1108,17
1109,17
1109,42
1110,8
1110,17
1110,25
1111,13
1111,17
1112,8
1112,25
1113,5
1113,8
1114,1
1114,27
1115,8
1115,13
1115,17
1116,8
1116,17
1116,30
1117,12
1117,18
1118,11
1118,17
1119,15
1119,42
1120,1
1120,15
1121,1
1121,27
1122,8
1122,25
1123,13
1123,17
1124,12
1124,18
1124,28
1125,1
1126,4
1126,9
1126,12
1127,7
1127,23
1128,24
1128,34
1128,36
1129,1
1129,17
1130,4
1130,12
1130,18
1131,1
1131,13
1131,17
1132,1
1132,13
1132,17
1133,1
1133,13
1133,17
1134,1
1135,1
1135,27
1136,1
1137,13
1137,17
1137,25
1138,1
1138,17
1138,23
1139,13
1139,16
1139,17
1140,15
1140,42
1141,1
1142,13
1142,17
1142,42
1143,11
1144,12
1144,24
1145,8
1145,25
1146,13
1147,18
1147,24
1147,29
1148,11
1148,17
1148,30
1149,19
1149,20
1150,3
1150,19
1151,11
1152,5
1153,19
1154,13
1154,17
1155,13
1156,11
1156,17
1157,5
1157,14
1157,23
1158,8
1159,19
1160,13
1160,17
1161,13
1161,16
1161,42
1162,11
1163,13
1163,17
1164,18
1164,24
1164,29
1165,8
1165,17
1166,8
1166,13
1166,17
1167,4
1167,9
1167,18
1168,13
1168,17
1168,25
1169,3
1170,19
1171,5
1171,8
1172,11
1173,31
1174,18
1174,20
1174,32
1175,18
1175,35
1176,13
1176,16
1176,17
1177,13
1177,17
1178,15
1178,17
1179,1
1180,19
1181,19
1181,34
1182,34
1183,12
1184,17
1184,23
1185,1
1185,17
1186,8
1186,17
1186,25
1187,3
1187,9
1187,18
1188,42
1189,1
1189,8
1189,17
1190,31
1191,1
1192,31
1193,13
1193,17
1194,11
1194,17
1194,23
1195,13
1195,17
1195,42
1196,11
1197,9
1197,12
1197,18
1198,13
1198,23
1199,31
1200,13
1200,42
1201,19
1202,9
1202,18
1202,34
1203,13
1203,17
1203,25
1204,5
1204,13
1205,11
1206,12
1206,28
1206,33
1207,4
1207,19
1207,35
1208,11
1209,8
1209,17
1210,8
1210,13
1210,17
1211,18
1211,20
1211,26
1212,13
1212,17
1213,13
1213,17
1214,34
1215,13
1215,17
1215,23
1216,8
1216,17
1216,25
1217,8
1217,17
1217,25
1218,4
1218,9
1218,18
1219,5
1219,8
1220,8
1220,13
1220,16
1221,13
1221,16
1221,17
1222,13
1222,17
1223,15
1223,16
1224,9
1224,18
1224,33
1225,12
1226,24
1226,26
1227,12
1227,18
1228,18
1228,35
1229,13
1229,16
1229,17
1230,18
1230,35
1231,8
1231,13
1231,16
1232,19
1233,8
1233,13
1233,17
1234,8
1234,17
1235,12
1235,18
1235,29
1236,3
1236,19
1236,33
1237,1
1237,13
1237,17
1238,8
1238,17
1238,25
1239,3
1240,1
1241,13
1241,25
1242,8
1242,13
1242,23
1243,9
1243,12
1244,13
1245,1
1245,8
1245,17
1246,19
1247,6
1247,9
1247,18
1248,1
1248,13
1248,17
1249,11
1249,23
1250,31
1251,11
1251,17
1251,23
1252,1
1252,7
1252,13
1253,8
1253,17
1254,5
1254,8
1255,7
1255,13
1256,1
1256,13
1256,17
1257,8
1257,10
1257,23
1258,3
1258,18
1259,5
1259,8
1260,8
1260,13
1260,16
1261,8
1261,17
1261,25
1262,13
1262,16
1262,17
1263,8
1263,13
1264,1
1265,8
1265,13
1265,16
1266,17
1266,42
1267,13
1267,16
1267,17
1268,17
1268,42
1269,9
1269,18
1269,29
1270,13
1270,17
1270,25
1271,18
1271,29
1271,35
1272,18
1272,29
1272,35
1273,12
1273,18
1274,17
1274,42
1275,24
1276,26
1276,34
1276,35
1277,13
1277,17
1278,36
1278,41
1279,31
1280,11
1280,17
1281,11
1281,17
1281,30
1282,13
1282,17
1283,18
1283,35
1284,15
1284,42
1285,15
1286,18
1286,34
1286,35
1287,8
1287,13
1287,16
1288,8
1288,13
1289,13
1289,42
1290,11
1290,17
1290,23
1291,8
1291,21
1291,42
1292,13
1292,16
1292,17
1293,11
1293,17
1294,18
1294,35
1295,18
1295,33
1295,35
1296,8
1296,13
1296,16
1297,18
1297,26
1297,34
1298,15
1299,18
1299,33
1299,35
1300,3
1300,18
1301,12
1302,4
1302,18
1302,35
1303,12
1303,24
1303,28
1304,11
1305,5
1306,1
1306,8
1306,13
1307,9
1307,34
1307,35
1308,5
1308,8
1308,13
1309,19
1309,34
1310,42
1311,34
1312,8
1312,13
1312,17
1313,13
1313,16
1313,21
1314,24
1315,34
1316,31
1317,13
1317,17
1317,25
1318,4
1318,18
1318,24
1319,8
1319,25
1320,5
1321,9
1321,18
1321,35
1322,9
1322,29
1322,33
1323,8
1323,13
1323,17
1324,13
1324,17
1324,25
1325,13
1325,16
1325,25
1326,17
1326,42
1327,8
1327,17
1327,25
1328,11
1328,23
1329,9
1329,12
1330,8
1330,17
1331,13
1331,25
1332,39
1333,19
1333,34
1334,8
1334,13
1335,1
1335,17
1336,9
1336,35
1336,37
1337,31
1338,13
1338,16
1338,17
1339,9
1339,18
1339,29
1340,9
1340,18
1340,35
1341,13
1341,17
1342,13
1342,16
1343,1
1343,13
1343,17
1344,11
1345,13
1345,17
1345,25
1346,1
1346,17
1347,8
1347,13
1347,17
1348,1
1348,17
1349,26
1349,35
1350,9
1350,18
1350,29
1351,19
1352,13
1352,14
1352,17
1353,32
1353,34
1354,1
1354,8
1355,35
1356,26
1356,41
1357,34
1357,41
1358,13
1359,42
1360,13
1360,17
1360,42
1361,18
1361,26
1361,34
1362,36
1362,41
1363,19
1363,34
1364,26
1364,35
1364,41
1365,5
1365,27
1366,19
1366,34
1367,13
1367,14
1368,15
1369,1
1369,17
1370,5
1370,8
1371,13
1371,17
1372,12
1373,5
1373,13
1373,17
1374,18
1374,35
1374,40
1375,11
1375,17
1375,30
1376,34
1376,35
1377,8
1377,13
1377,16
1378,26
1378,33
1378,35
1379,5
1379,13
1380,13
1380,17
1381,19
1382,8
1382,17
1382,25
1383,13
1383,17
1383,25
1384,18
1384,24
1385,9
1385,18
1385,20
1386,3
1386,18
1387,8
1387,17
1387,21
1388,13
1388,42
1389,13
1390,8
1391,13
1392,13
1393,18
1393,29
1393,34
1394,42
1395,12
1395,28
1396,19
1397,1
1398,13
1398,27
1399,15
1400,13
1400,16
1401,24
1402,19
1402,40
1403,33
1403,34
1403,38
1404,5
1404,8
1404,13
1405,19
1405,34
1406,1
1407,5
1407,8
1408,5
1409,35
1409,38
1410,42
1411,13
1411,17
1412,11
1413,13
1413,17
1413,21
1414,13
1414,17
1415,8
1415,13
1415,17
1416,13
1416,42
1417,9
1417,12
1418,17
1418,42
1419,31
1420,4
1420,26
1420,35
1421,11
1422,8
1422,13
1422,17
1423,13
1423,17
1424,8
1424,17
1424,25
1425,5
1425,8
1426,11
1427,13
1427,17
1428,4
1428,9
1428,12
1429,13
1429,16
1429,17
1430,19
1430,34
1431,12
1432,8
1432,13
1432,17
1433,3
1433,18
1433,29
1434,13
1434,17
1435,5
1435,8
1436,13
1437,11
1437,17
1437,23
1438,12
1438,24
1439,11
1439,17
1439,30
1440,12
1440,34
1441,18
1441,24
1441,29
1442,1
1442,8
1442,17
1443,12
1443,18
1444,12
1445,8
1445,25
1445,30
1446,1
1446,8
1446,17
1447,8
1448,15
1448,42
1449,33
1449,34
1449,35
1450,24
1451,31
1452,5
1452,13
1452,30
1453,13
1453,16
1454,5
1454,8
1455,11
1456,12
1456,28
1457,1
1457,13
1457,16
1458,29
1458,35
1459,1
1460,8
1461,18
1461,29
1461,35
1462,8
1462,13
1462,16
1463,19
1463,34
1464,19
1465,11
1466,19
1466,34
1466,38
1467,11
1468,1
1468,42
1469,8
1469,17
1470,7
1470,13
1470,16
1471,13
1471,21
1472,31
1473,8
1473,13
1473,17
1474,36
1474,37
1474,38
1475,1
1475,13
1475,14
1476,8
1476,13
1476,17
1477,24
1478,9
1478,35
1478,40
1479,18
1479,37
1479,40
1480,9
1480,12
1480,18
1481,4
1481,6
1481,18
1482,15
1482,17
1483,3
1484,18
1484,26
1484,34
1485,13
1486,5
1486,8
1487,8
1488,9
1488,18
1488,35
1489,13
1489,17
1490,12
1490,18
1491,5
1492,8
1492,13
1492,17
1493,26
1493,35
1494,17
1494,25
1495,5
1495,8
1496,8
1496,13
1496,17
1497,5
1497,13
1497,17
1498,13
1498,17
1498,25
1499,1
1499,8
1499,16
1500,13
1501,13
1501,17
1501,21
1502,13
1502,25
1503,31
1504,18
1504,26
1504,34
1505,23
1506,19
1507,4
1507,19
1507,34
1508,5
1508,8
1509,4
1509,19
1510,11
1510,23
1511,8
1512,8
1512,17
1513,31
1514,13
1515,9
1515,18
1515,35
1516,8
1517,18
1517,26
1517,34
1518,13
1518,23
1519,11
1519,23
1520,5
1520,8
1520,13
1521,18
1521,35
1522,13
1522,16
1522,17
1523,13
1523,17
1523,25
1524,8
1524,13
1524,17
1525,1
1526,13
1526,17
1526,25
1527,8
1527,17
1527,25
1528,4
1528,19
1529,18
1529,26
1529,34
1530,17
1530,25
1531,32
1531,34
1532,13
1532,17
1532,25
1533,12
1533,18
1534,12
1534,29
1535,13
1535,17
1535,21
1536,18
1536,34
1536,35
1537,15
1537,42
1538,13
1539,3
1539,18
1540,3
1540,18
1541,13
1541,42
1542,4
1542,9
1542,12
1543,31
1544,24
1545,13
1545,16
1545,30
1546,19
1546,34
1547,12
1548,24
1549,24
1550,13
1550,16
1551,8
1551,25
1552,19
1553,35
1553,37
1553,40
1554,8
1555,18
1555,35
1555,40
1556,19
1556,34
1557,5
1558,5
1558,13
1559,11
1560,18
1560,29
1560,35
1561,8
1561,21
1561,23
1562,13
1562,17
1562,30
1563,18
1563,33
1563,37
1564,13
1564,21
1565,9
1565,18
1565,35
1566,17
1566,25
1567,13
1567,17
1567,25
1568,8
1568,17
1568,21
1569,13
1569,16
1569,17
1570,18
1570,34
1571,18
1571,26
1571,35
1572,8
1572,13
1572,17
1573,19
1573,34
1574,19
1574,34
1574,41
1575,12
1575,28
1576,11
1576,17
1577,5
1577,8
1578,11
1578,17
1578,23
1579,18
1579,26
1579,35
1580,34
1580,41
1581,5
1582,5
1583,13
1583,42
1584,18
1584,26
1584,35
1585,1
1585,13
1586,9
1586,35
1586,37
1587,9
1587,12
1587,18
1588,18
1588,35
1588,36
1589,5
1590,18
1590,26
1590,34
1591,34
1592,5
1592,8
1593,8
1593,17
1593,42
1594,9
1594,18
1594,35
1595,8
1595,17
1596,13
1596,16
1597,4
1597,24
1598,5
1598,13
1599,13
1599,17
1599,25
1600,8
1600,13
1600,17
1601,5
1602,8
1602,17
1603,8
1603,13
1603,17
1604,4
1604,12
1604,18
1605,31
1606,18
1606,34
1606,35
1607,8
1607,13
1607,17
1608,31
1609,1
1610,5
1611,42
1612,24
1613,8
1613,16
1614,13
1614,17
1614,25
1615,19
1616,24
1617,5
1617,8
1618,8
1619,4
1619,19
1620,19
1620,34
1621,1
1622,1
1623,6
1623,33
1623,38
1624,24
1624,26
1625,42
1626,18
1626,36
1626,37
1627,1
1627,8
1628,12
1629,4
1629,24
1630,15
1630,17
1631,13
1631,17
1632,42
1633,5
1634,1
1635,18
1635,33
1635,35
1636,5
1637,5
1637,11
1638,15
1638,17
1639,18
1639,24
1640,18
1640,35
1640,41
1641,18
1641,26
1641,34
1642,24
1643,1
1643,17
1644,17
1644,42
1645,8
1645,17
1645,21
1646,31
1647,1
1647,13
1647,17
1648,8
1648,17
1648,25
1649,15
1650,3
1650,9
1650,18
1651,23
1652,5
1652,8
1653,15
1653,17
1653,42
1654,15
1654,17
1654,42
1655,18
1655,26
1655,34
1656,5
1656,8
1657,13
1658,13
1658,17
1659,18
1659,34
1659,35
1660,1
1661,11
1661,23
1662,18
1662,26
1662,35
1663,1
1663,8
1663,17
1664,5
1664,23
1665,1
1666,17
1666,42
1667,5
1668,12
1668,18
1669,18
1669,35
1670,13
1671,18
1671,26
1671,34
1672,5
1672,8
1673,12
1673,24
1674,13
1674,17
1675,1
1675,8
1675,17
1676,8
1676,17
1676,23
1677,13
1677,17
1677,25
1678,17
1678,25
1679,17
1679,42
1680,1
1680,13
1680,17
1681,13
1681,17
1681,42
1682,5
1682,8
1682,13
1683,8
1683,13
1683,17
1684,8
1684,17
1685,24
1686,13
1686,17
1687,31
1688,19
1688,34
1689,12
1689,24
1690,13
1690,25
1691,11
1692,23
1692,25
1693,24
1694,3
1694,19
1695,5
1695,8
1696,25
1697,19
1698,24
1699,4
1699,18
1699,35
1700,5
1700,7
1700,8
1701,42
1702,36
1702,37
1702,40
1703,5
1703,8
1704,5
1704,23
1705,11
1705,17
1706,13
1706,17
1707,9
1707,18
1707,29
1708,17
1708,25
1709,18
1709,35
1710,13
1710,17
1710,25
1711,13
1711,16
1712,9
1712,18
1712,35
1713,8
1713,13
1713,17
1714,13
1714,17
1714,21
1715,15
1716,18
1716,24
1717,34
1718,33
1718,35
1719,9
1719,12
1720,11
1720,17
1721,13
1721,17
1722,39
1723,26
1723,34
1723,35
1724,3
1724,19
1725,3
1725,19
1726,13
1726,17
1727,24
1728,13
1728,17
1729,13
1729,16
1729,17
1730,8
1731,18
1731,34
1731,35
1732,13
1732,21
1732,25
1733,13
1733,17
1733,25
1734,9
1734,12
1734,18
1735,8
1735,25
1736,13
1736,17
1736,25
1737,5
1737,8
1737,25
1738,18
1738,35
1738,36
1739,13
1739,25
1740,8
1740,13
1740,25
1741,18
1741,26
1741,34
1742,13
1742,17
1743,31
1744,13
1744,17
1745,11
1745,17
1746,11
1747,18
1747,34
1747,35
1748,27
1748,42
1749,24
1750,5
1750,8
1751,26
1751,35
1751,41
1752,5
1753,5
1754,5
1755,24
1756,12
1757,19
1758,19
1759,19
1760,19
1761,19
1761,34
1762,5
1762,8
1763,1
1764,13
1764,16
1764,42
1765,13
1765,42
1766,19
1766,34
1767,9
1767,18
1767,35
1768,13
1769,1
1769,13
1769,30
1770,9
1770,18
1770,20
1771,8
1771,30
1772,12
1772,18
1773,1
1773,13
1773,17
1774,18
1774,24
1775,13
1775,16
1775,42
1776,15
1776,16
1777,13
1777,17
1778,15
1778,17
1779,19
1779,20
1780,33
1780,38
1781,13
1781,17
1781,42
1782,12
1782,24
1783,9
1783,18
1783,35
1784,15
1784,17
1785,15
1785,17
1786,8
1786,25
1787,17
1788,23
1789,15
1789,17
1790,11
1791,3
1792,19
1793,11
1793,17
1793,30
1794,8
1795,18
1795,26
1795,37
1796,8
1796,17
1796,23
1797,1
1797,13
1797,16
1798,13
1798,23
1799,8
1799,17
1799,21
1800,18
1800,33
1800,35
1801,12
1801,18
1802,5
1802,23
1803,13
1803,42
1804,9
1804,18
1804,29
1805,35
1806,11
1807,15
1807,17
1808,13
1808,17
1808,25
1809,8
1809,13
1809,23
1810,13
1810,17
1810,25
1811,13
1811,16
1812,8
1812,13
1812,16
1813,11
1813,17
1814,32
1815,13
1815,25
1815,42
1816,5
1817,1
1817,15
1818,7
1818,13
1818,17
1819,13
1819,17
1819,23
1820,8
1820,13
1820,17
1821,11
1821,17
1822,13
1822,16
1822,17
1823,7
1823,13
1823,16
1824,11
1824,17
1825,13
1825,17
1826,13
1826,17
1826,25
1827,13
1827,16
1827,17
1828,13
1828,16
1828,17
1829,9
1829,12
1830,13
1830,17
1831,8
1831,17
1831,25
1832,11
1832,17
1833,13
1833,17
1834,5
1834,8
1835,18
1835,26
1835,34
1836,1
1837,8
1837,17
1837,25
1838,35
1838,41
1839,1
1840,18
1840,33
1840,35
1841,9
1841,18
1841,29
1842,19
1842,34
1843,13
1844,15
1844,42
1845,5
1846,1
1847,1
1847,8
1847,17
1848,4
1848,19
1849,34
1850,13
1850,17
1851,13
1851,17
1851,25
1852,34
1852,41
1853,19
1854,11
1854,17
1855,34
1855,35
1856,1
1856,17
1856,25
1857,11
1857,23
1858,11
1858,17
1859,17
1859,25
1859,42
1860,5
1861,24
1861,34
1862,8
1862,13
1862,17
1863,10
1863,13
1863,17
1864,8
1864,17
1864,25
1865,19
1865,34
1866,8
1866,17
1867,13
1867,17
1868,15
1869,12
1870,8
1870,17
1870,25
1871,8
1871,17
1872,5
1873,8
1873,13
1873,16
1874,35
1874,36
1874,37
1875,11
1875,17
1875,23
1876,18
1876,26
1876,34
1877,13
1877,17
1878,9
1878,18
1878,35
1879,33
1879,35
1879,38
1880,8
1880,15
1881,18
1881,35
1881,37
1882,8
1883,11
1883,23
1884,5
1885,13
1885,25
1886,4
1886,12
1886,18
1887,11
1888,11
1888,21
1889,13
1889,17
1889,30
1890,19
1891,19
1892,8
1892,17
1892,25
1893,5
1894,19
1894,34
1895,26
1895,34
1895,35
1896,19
1896,35
1897,13
1897,17
1898,8
1898,13
1898,17
1899,15
1899,17
1899,42
1900,8
1900,17
1900,25
1901,8
1901,15
1902,8
1902,17
1902,25
1903,1
1903,8
1903,17
1904,13
1904,42
1905,11
1905,21
1906,1
1906,13
1906,17
1907,35
1908,18
1908,26
1908,35
1909,3
1909,18
1909,41
1910,1
1910,13
1911,9
1911,18
1911,37
1912,11
1913,1
1913,8
1913,13
1914,11
1914,17
1915,12
1915,18
1916,18
1916,35
1917,11
1917,23
1918,18
1918,26
1918,29
1919,3
1919,18
1920,8
1920,17
1920,25
1921,8
1921,16
1921,17
1922,1
1922,13
1923,34
1924,34
1924,35
1925,13
1925,42
1926,9
1926,18
1926,29
1927,11
1928,13
1928,17
1929,3
1929,18
1930,34
1931,13
1931,17
1931,42
1932,13
1932,21
1933,11
1933,21
1934,9
1934,35
1935,11
1936,31
1937,1
1938,11
1938,17
1938,23
1939,13
1939,16
1939,17
1940,8
1940,13
1940,17
1941,8
1941,17
1941,23
1942,8
1942,17
1942,23
1943,8
1943,17
1943,25
1944,8
1944,17
1944,23
1945,13
1945,17
1945,25
1946,13
1946,17
1946,42
1947,8
1947,17
1947,23
1948,12
1949,18
1949,33
1949,35
1950,34
1951,13
1951,16
1951,17
1952,9
1952,12
1952,18
1953,19
1953,34
1954,13
1954,17
1955,34
1956,18
1956,35
1956,37
1957,11
1957,17
1957,23
1958,1
1958,27
1958,30
1959,12
1960,1
1960,5
1960,13
1961,11
1962,12
1963,11
1964,13
1964,17
1965,1
1965,17
1966,1
1966,17
1967,1
1967,17
1968,1
1968,17
1969,1
1969,17
1970,1
1970,17
1971,15
1971,17
1971,42
1972,8
1972,17
1973,1
1973,17
1974,19
1974,34
1975,13
1975,17
1975,25
1976,8
1976,17
1977,13
1977,17
1977,42
1978,13
1978,16
1978,17
1979,35
1979,36
1979,37
1980,24
1981,9
1981,35
1981,40
1982,8
1982,17
1982,25
1983,17
1983,42
1984,3
1984,18
1985,11
1985,17
1985,23
1986,5
1986,8
1987,17
1987,42
1988,13
1988,16
1989,18
1989,34
1989,35
1990,18
1990,35
1990,41
1991,12
1991,28
1992,4
1992,9
1992,18
1993,31
1994,9
1994,18
1994,35
1995,24
1996,13
1996,42
1997,13
1997,17
1997,42
1998,1
1998,17
1999,4
1999,18
1999,35
2000,11
2000,17
2001,31
2002,13
2002,16
2002,25
2003,12
2003,18
2003,24
2004,5
2004,8
2005,5
2006,13
2006,17
2006,23
2007,4
2007,19
2008,5
2008,8
2008,13
2009,18
2009,34
2009,35
2010,34
2011,5
2012,5
2012,8
2013,18
2013,29
2013,35
2014,4
2014,18
2014,34
2015,31
2016,13
2016,17
2016,42
2017,13
2017,17
2018,13
2018,17
2019,13
2019,17
2020,8
2020,13
2020,17
2021,5
2021,13
2021,17
2022,35
2023,19
2023,34
2024,13
2024,17
2024,25
2025,8
2025,17
2025,25
2026,8
2026,13
2026,17
2027,8
2027,13
2027,17
2028,5
2029,13
2029,17
2029,42
2030,8
2030,15
2031,8
2031,13
2031,16
2032,13
2032,17
2033,24
2034,9
2034,12
2034,18
2035,8
2035,17
2035,23
2036,11
2037,15
2037,17
2037,42
2038,18
2038,26
2038,35
2039,5
2039,11
2039,17
2040,13
2040,16
2040,17
2041,19
2042,11
2043,35
2043,38
2043,40
2044,13
2045,26
2045,35
2045,38
2046,13
2046,16
2047,8
2047,13
2047,17
2048,19
2049,8
2049,13
2049,16
2050,8
2050,17
2050,25
2051,31
2052,13
2052,16
2052,17
2053,8
2053,16
2053,25
2054,9
2054,18
2054,35
2055,12
2055,24
2056,13
2056,16
2056,17
2057,5
2057,8
2058,11
2058,17
2058,23
2059,12
2059,38
2060,1
2060,13
2060,25
2061,17
2061,25
2062,5
2062,23
2063,3
2063,18
2064,19
2065,18
2065,35
2066,2
2066,17
2067,3
2067,18
2067,40
2068,1
2068,2
2068,17
2069,32
2069,34
2070,18
2070,34
2071,19
2072,5
2072,8
2073,8
2074,34
2074,41
2075,8
2075,13
2075,17
2076,11
2076,17
2076,30
2077,5
2077,8
2078,13
2078,17
2078,30
2079,3
2079,18
2079,40
2080,5
2080,8
2081,4
2081,6
2081,19
2082,5
2083,8
2083,17
2083,25
2084,1
2085,13
2086,4
2086,9
2086,12
2087,18
2087,34
2087,35
2088,1
2088,17
2089,17
2089,42
2090,3
2090,18
2091,8
2091,13
2091,16
2092,15
2092,17
2092,42
2093,13
2093,14
2094,18
2094,29
2094,35
2095,13
2095,17
2095,21
2096,11
2097,24
2098,11
2098,17
2098,30
2099,19
2100,35
2100,41
2101,13
2101,42
2102,4
2102,24
2102,26
2103,18
2103,34
2104,13
2104,17
2104,42
2105,15
2105,16
2105,17
2106,34
2107,18
2107,24
2108,1
2108,5
2108,8
2109,18
2109,36
2109,37
2110,11
2110,21
2111,8
2111,17
2112,13
2112,17
2113,24
2114,12
2114,28
2115,5
2115,8
2116,8
2117,8
2117,13
2117,17
2118,8
2118,13
2118,17
2119,19
2120,11
2120,14
2120,17
2121,13
2121,17
2121,23
2122,1
2122,27
2123,9
2123,18
2123,20
2124,18
2124,26
2124,35
2125,18
2125,34
2125,35
2126,18
2126,35
2127,8
2127,17
2127,23
2128,18
2128,35
2128,38
2129,11
2129,17
2129,30
2130,5
2130,8
2131,13
2131,16
2132,5
2133,1
2134,9
2134,34
2134,35
2135,9
2135,18
2135,29
2136,19
2136,33
2136,38
2137,3
2137,19
2138,8
2138,13
2138,17
2139,13
2139,16
2140,13
2140,16
2140,42
2141,24
2142,1
2142,13
2142,17
2143,5
2143,8
2143,27
2144,31
2145,19
2145,34
2146,18
2146,24
2147,13
2147,25
2148,13
2148,17
2149,18
2149,35
2150,15
2150,42
2151,8
2151,17
2152,9
2152,18
2152,29
2153,24
2154,18
2154,24
2155,11
2156,5
2157,12
2157,28
2157,33
2158,19
2158,33
2158,38
2159,19
2160,8
2161,19
2162,11
2162,17
2162,23
2163,18
2163,35
2163,37
2164,11
2164,17
2164,30
2165,17
2165,42
2166,9
2166,12
2166,18
2167,5
2168,5
2168,8
2169,12
2169,18
2169,28
2170,31
2171,12
2172,8
2172,13
2172,16
2173,8
2174,34
2174,41
2175,19
2176,3
2176,26
2176,41
2177,1
2178,5
2179,19
2179,24
2179,35
2180,13
2180,25
2181,3
2181,18
2181,26
2182,19
2183,31
2184,21
2184,42
2185,4
2185,9
2185,18
2186,5
2186,8
2187,13
2187,17
2187,42
2188,8
2188,17
2188,25
2189,5
2190,24
2191,33
2191,37
2191,38
2192,13
2192,17
2193,3
2194,8
2194,13
2194,16
2195,18
2195,26
2195,34
2196,8
2196,17
2196,25
2197,13
2197,17
2197,42
2198,13
2198,16
2198,17
2199,13
2199,17
2199,42
2200,11
2201,11
2202,12
2203,8
2203,13
2203,16
2204,34
2204,35
2205,8
2205,17
2206,1
2206,17
2207,13
2207,16
2207,17
2208,5
2208,8
2209,5
2209,8
2210,13
2210,17
2211,17
2211,42
2212,13
2212,17
2212,25
2213,18
2213,24
2213,29
2214,8
2214,25
2215,12
2216,5
2216,8
2217,13
2217,17
2218,9
2218,12
2219,18
2219,34
2220,11
2220,23
2221,1
2221,13
2221,17
2222,31
2223,12
2223,29
2224,4
2224,9
2224,12
2225,13
2225,17
2226,19
2227,24
2227,26
2228,33
2228,35
2228,38
2229,11
2230,9
2230,35
2231,18
2231,35
2231,37
2232,8
2232,17
2233,42
2234,8
2234,17
2234,25
2235,13
2235,17
2235,25
2236,9
2236,18
2236,29
2237,5
2237,8
2238,24
2238,28
2239,4
2239,19
2239,34
2240,13
2240,17
2240,42
2241,8
2241,17
2242,12
2243,31
2244,11
2244,17
2244,23
2245,13
2245,17
2246,18
2246,24
2246,26
2247,12
2247,24
2247,28
2248,8
2248,17
2249,11
2250,19
2250,33
2250,34
2251,1
2252,9
2252,18
2252,35
2253,8
2253,17
2254,3
2254,18
2255,18
2255,26
2255,33
2256,18
2256,20
2256,26
2257,11
2257,30
2258,11
2258,21
2259,18
2259,35
2260,8
2260,16
2261,5
2262,31
2263,11
2263,30
2264,17
2264,23
2265,8
2265,17
2265,23
2266,1
2266,8
2266,13
2267,13
2267,17
2267,25
2268,13
2268,17
2269,1
2269,8
2269,13
2270,13
2270,16
2270,17
2271,8
2271,17
2271,23
2272,8
2272,13
2272,17
2273,13
2273,17
2273,42
2274,1
2274,13
2274,17
2275,1
2275,8
2275,17
2276,18
2276,26
2276,34
2277,13
2277,17
2277,25
2278,13
2278,17
2278,42
2279,13
2279,17
2279,30
2280,13
2280,16
2280,17
2281,8
2281,17
2281,25
2282,8
2282,13
2282,17
2283,8
2283,13
2283,17
2284,13
2284,16
2284,25
2285,13
2285,16
2285,17
2286,1
2286,17
2287,8
2287,13
2287,17
2288,8
2288,13
2288,17
2289,1
2289,13
2289,16
2290,13
2290,17
2290,42
2291,8
2291,13
2291,17
2292,8
2292,17
2293,19
2293,34
2294,18
2294,26
2294,29
2295,8
2295,25
2296,13
2296,17
2297,11
2298,18
2298,36
2298,37
2299,24
2300,19
2300,35
2301,8
2301,13
2301,17
2302,24
2303,31
2304,33
2304,37
2304,38
2305,11
2305,17
2306,4
2306,24
2307,18
2307,35
2308,19
2309,13
2309,17
2310,1
2310,8
2310,17
2311,11
2311,23
2312,42
2313,8
2313,17
2314,24
2314,26
2315,1
2315,17
2315,25
2316,8
2317,11
2317,17
2318,1
2318,27
2319,19
2320,8
2320,17
2320,25
2321,3
2321,18
2322,31
2323,18
2323,35
2324,1
2324,13
2324,17
2325,13
2325,17
2325,25
2326,11
2326,17
2327,13
2327,17
2328,9
2328,18
2328,35
2329,5
2329,13
2329,16
2330,18
2330,26
2330,29
2331,8
2331,23
2331,25
2332,12
2333,8
2333,17
2333,25
2334,13
2334,16
2334,17
2335,13
2335,17
2335,25
2336,13
2336,17
2336,25
2337,13
2337,17
2338,18
2338,20
2338,24
2339,17
2339,25
2340,1
2340,13
2340,17
2341,13
2341,17
2341,25
2342,11
2342,30
2343,15
2343,17
2344,4
2344,18
2344,24
2345,13
2345,16
2345,17
2346,31
2347,6
2347,35
2347,38
2348,13
2348,16
2348,17
2349,8
2349,17
2349,25
2350,18
2350,20
2350,26
2351,13
2351,16
2351,42
2352,13
2352,17
2353,12
2353,28
2354,8
2354,13
2354,17
2355,13
2355,17
2356,11
2356,21
2357,5
2357,8
2357,13
2358,24
2359,1
2359,13
2359,17
2360,18
2360,26
2360,35
2361,13
2361,17
2361,25
2362,13
2362,17
2363,34
2363,35
2363,41
2364,13
2364,17
2364,42
2365,2
2365,5
2365,17
2366,7
2366,13
2366,17
2367,7
2367,13
2367,17
2368,7
2368,13
2368,16
2369,7
2369,13
2369,17
2370,7
2370,13
2370,17
2371,11
2371,17
2371,30
2372,8
2372,17
2373,11
2373,17
2373,23
2374,1
2374,7
2374,13
2375,13
2375,17
2375,25
2376,7
2376,13
2376,17
2377,7
2377,13
2377,17
2378,5
2378,8
2379,18
2379,35
2379,36
2380,8
2380,16
2381,5
2381,13
2381,14
2382,13
2382,17
2383,15
2383,42
2384,24
2385,11
2385,23
2386,5
2386,30
2387,1
2387,13
2387,17
2388,13
2388,17
2388,42
2389,19
2389,34
2390,13
2390,17
2391,9
2391,35
2391,37
2392,13
2392,17
2392,25
2393,8
2393,13
2393,16
2394,1
2394,13
2395,24
2395,26
2396,34
2397,18
2397,32
2398,31
2399,2
2399,5
2400,3
2401,9
2401,18
2401,29
2402,9
2402,18
2402,35
2403,8
2403,13
2403,17
2404,8
2404,17
2405,18
2405,35
2405,36
2406,33
2406,38
2407,12
2407,24
2407,28
2408,8
2408,13
2408,16
2409,9
2409,18
2409,20
2410,18
2410,36
2410,37
2411,1
2411,17
2411,27
2412,13
2412,25
2413,13
2413,17
2413,25
2414,17
2414,42
2415,13
2415,16
2415,17
2416,9
2416,33
2416,35
2417,13
2417,16
2418,9
2418,35
2418,37
2419,13
2419,17
2420,8
2420,25
2421,13
2421,17
2422,8
2422,17
2423,24
2424,6
2424,33
2424,36
2425,1
2425,13
2425,16
2426,13
2426,17
2426,25
2427,3
2427,18
2428,13
2428,17
2428,25
2429,8
2429,17
2430,8
2430,17
2430,25
2431,8
2431,13
2431,16
2432,5
2432,11
2433,24
2434,8
2434,17
2435,8
2435,13
2435,17
2436,8
2436,17
2437,8
2437,17
2437,25
2438,8
2438,13
2438,17
2439,13
2439,17
2440,1
2440,8
2440,17
2441,5
2442,8
2442,13
2442,17
2443,8
2443,17
2443,25
2444,15
2444,17
2445,3
2445,18
2446,8
2446,13
2446,16
2447,8
2447,17
2447,25
2448,18
2448,20
2448,35
2449,8
2449,17
2450,3
2450,18
2451,18
2451,35
2452,1
2452,2
2452,5
2453,18
2453,20
2453,26
2454,18
2454,20
2454,26
2455,8
2455,13
2456,13
2457,13
2457,23
2457,25
2458,8
2458,13
2458,17
2459,31
2460,34
2461,13
2461,17
2461,25
2462,34
2462,35
2463,3
2463,18
2464,8
2464,15
2464,17
2465,8
2465,15
2465,17
2466,13
2466,17
2466,42
2467,19
2467,34
2468,13
2468,16
2468,17
2469,31
2470,1
2470,8
2470,17
2471,33
2471,38
2472,13
2472,42
2473,18
2473,33
2473,36
2474,35
2475,13
2475,17
2476,13
2476,17
2476,23
2477,4
2477,12
2477,18
2478,15
2478,17
2478,42
2479,2
2479,5
2480,1
2480,8
2480,25
2481,34
2482,13
2482,17
2482,25
2483,8
2483,13
2483,17
2484,8
2484,17
2485,8
2485,17
2485,25
2486,8
2486,17
2486,25
2487,18
2487,20
2487,34
2488,8
2488,13
2488,17
2489,8
2489,13
2489,17
2490,8
2490,17
2491,8
2491,17
2491,25
2492,8
2492,13
2492,17
2493,8
2493,17
2494,13
2494,17
2495,23
2496,12
2496,18
2496,29
2497,13
2497,16
2498,13
2498,16
2498,25
2499,8
2499,17
2500,18
2500,29
2500,35
2501,8
2501,13
2501,16
2502,8
2502,17
2503,1
2503,17
2504,8
2504,17
2504,25
2505,8
2505,17
2506,8
2506,17
2507,8
2507,17
2508,32
2508,34
2509,26
2509,35
2510,8
2510,17
2510,25
2511,8
2511,17
2512,13
2512,16
2512,17
2513,8
2513,17
2513,25
2514,13
2514,17
2515,4
2515,18
2515,24
2516,32
2516,34
2517,1
2517,8
2517,17
2518,18
2518,20
2518,26
2519,18
2519,20
2519,33
2520,6
2520,19
2520,33
2521,13
2521,17
2522,8
2522,17
2522,25
2523,9
2523,18
2523,35
2524,35
2525,24
2525,34
2526,3
2526,18
2526,36
2527,19
2527,33
2527,38
2528,9
2528,18
2528,35
2529,18
2529,20
2529,36
2530,19
2531,4
2531,9
2531,18
2532,13
2532,17
2532,25
2533,13
2533,17
2533,25
2534,5
2534,13
2534,17
2535,1
2535,17
2535,25
2536,13
2536,17
2537,13
2537,16
2537,17
2538,17
2538,42
2539,8
2539,13
2539,17
2540,11
2540,17
2541,8
2541,25
2542,13
2542,17
2542,25
2543,19
2544,8
2545,5
2545,8
2545,17
2546,1
2546,8
2546,10
2547,9
2547,18
2547,35
2548,11
2549,9
2549,12
2550,13
2550,42
2551,13
2551,16
2551,17
2552,34
2552,35
2553,18
2553,24
2554,18
2554,35
2555,19
2555,40
2556,17
2556,27
2557,17
2557,27
2557,42
2558,18
2558,33
2558,34
2559,13
2559,17
2560,11
2561,8
2561,17
2561,25
2562,31
2563,5
2563,8
2564,5
2564,8
2564,23
2565,13
2565,17
2566,18
2566,29
2566,34
2567,13
2567,30
2568,8
2568,17
2569,12
2570,24
2571,13
2571,30
2572,31
2573,5
2573,13
2573,25
2574,13
2574,16
2574,42
2575,12
2575,28
2576,12
2577,13
2577,16
2578,11
2579,17
2579,42
2580,5
2581,35
2582,11
2582,21
2583,5
2583,8
2584,19
2585,8
2585,13
2585,17
2586,18
2586,35
2587,3
2587,26
2588,17
2588,42
2589,19
2589,34
2590,15
2590,17
2590,42
2591,9
2591,35
2591,37
2592,8
2592,13
2592,21
2593,8
2593,25
2594,5
2595,5
2596,5
2597,5
2597,8
2598,42
2599,3
2599,18
2600,9
2600,18
2600,29
2601,35
2601,38
2602,8
2602,17
2602,25
2603,9
2603,18
2603,35
2604,9
2604,18
2604,35
2605,11
2605,21
2606,13
2606,17
2607,9
2607,18
2607,20
2608,8
2608,13
2608,17
2609,11
2610,4
2610,18
2610,24
2611,1
2611,8
2611,13
2612,18
2612,35
2613,8
2613,13
2613,17
2614,1
2614,8
2614,17
2615,8
2615,17
2616,8
2616,13
2616,17
2617,8
2617,17
2617,23
2618,13
2618,16
2618,17
2619,8
2619,17
2620,8
2620,17
2621,8
2621,17
2622,1
2622,8
2622,17
2623,13
2623,14
2624,1
2624,8
2624,17
2625,8
2625,17
2626,13
2626,17
2626,25
2627,13
2627,16
2627,17
2628,12
2628,28
2629,4
2629,18
2629,33
2630,1
2630,8
2630,17
2631,8
2631,13
2631,17
2632,18
2632,20
2632,26
2633,11
2633,23
2634,8
2634,17
2635,8
2635,13
2635,16
2636,1
2636,17
2637,13
2637,17
2637,30
2638,13
2638,17
2639,8
2639,13
2639,17
2640,18
2640,35
2641,4
2641,18
2641,34
2642,19
2642,34
2643,17
2643,42
2644,18
2644,35
2644,41
2645,31
2646,3
2646,9
2646,18
2647,8
2647,17
2648,8
2648,17
2649,18
2649,29
2649,34
2650,13
2650,17
2651,17
2651,42
2652,12
2652,28
2652,34
2653,11
2653,21
2654,17
2654,42
2655,13
2655,17
2656,17
2656,42
2657,5
2657,8
2658,4
2658,18
2658,24
2659,3
2659,18
2660,34
2661,9
2661,18
2661,29
2662,24
2663,34
2664,8
2664,13
2664,17
2665,19
2666,9
2666,18
2666,20
2667,34
2668,8
2668,17
2669,13
2669,17
2669,42
2670,9
2670,18
2670,29
2671,9
2671,18
2671,34
2672,13
2672,17
2673,13
2673,16
2674,17
2674,42
2675,8
2675,13
2675,17
2676,18
2676,32
2676,34
2677,9
2677,18
2677,33
2678,8
2679,5
2679,13
2679,23
2680,31
2681,8
2682,5
2682,8
2682,17
2683,13
2683,17
2683,25
2684,8
2684,13
2684,16
2685,9
2685,12
2686,13
2686,17
2686,25
2687,31
2688,13
2688,17
2689,8
2689,13
2689,17
2690,11
2691,1
2691,16
2691,17
2692,34
2693,11
2693,17
2693,23
2694,8
2694,17
2694,25
2695,8
2695,13
2695,17
2696,5
2696,8
2696,30
2697,9
2697,18
2697,35
2698,13
2699,3
2699,18
2699,26
2700,18
2700,24
2701,8
2701,13
2701,17
2702,1
2702,5
2702,27
2703,31
2704,13
2704,16
2705,13
2705,16
2706,15
2706,16
2706,27
2707,13
2707,16
2707,42
2708,1
2709,18
2709,29
2709,35
2710,1
2710,8
2711,35
2711,38
2711,41
2712,11
2712,17
2713,8
2713,13
2713,16
2714,1
2714,2
2714,17
2715,2
2715,17
2715,27
2716,13
2716,17
2717,1
2717,13
2717,17
2718,5
2719,34
2720,31
2721,8
2721,13
2721,17
2722,1
2722,13
2722,17
2723,8
2723,13
2723,17
2724,1
2724,13
2724,17
2725,8
2725,13
2725,17
2726,1
2726,13
2726,17
2727,8
2727,13
2727,17
2728,9
2728,12
2729,8
2729,17
2729,25
2730,15
2730,17
2730,42
2731,13
2731,17
2731,25
2732,13
2732,17
2733,8
2733,13
2733,17
2734,8
2734,13
2734,17
2735,8
2735,13
2735,17
2736,8
2736,17
2736,25
2737,4
2737,18
2737,34
2738,5
2738,30
2739,1
2739,8
2739,13
2740,3
2740,19
2741,3
2742,13
2742,16
2742,17
2743,4
2743,12
2743,18
2744,34
2745,5
2746,13
2746,16
2746,23
2747,4
2747,18
2747,34
2748,8
2748,13
2748,17
2749,18
2749,26
2749,34
2750,15
2750,16
2750,27
2751,5
2752,19
2752,34
2752,35
2753,19
2754,31
2755,5
2755,13
2755,30
2756,13
2756,16
2756,30
2757,13
2757,16
2757,17
2758,42
2759,11
2759,30
2760,19
2761,8
2761,13
2761,17
2762,9
2762,18
2762,20
2763,1
2764,5
2764,8
2765,9
2765,33
2765,34
2766,18
2766,32
2766,34
2767,8
2767,13
2767,17
2768,9
2768,35
2768,40
2769,1
2769,17
2770,11
2770,17
2771,5
2772,13
2772,16
2773,18
2773,20
2773,24
2774,5
2775,3
2775,18
2776,13
2776,17
2776,25
2777,11
2777,17
2778,18
2778,35
2779,5
2779,11
2779,30
2780,11
2781,13
2781,17
2782,16
2782,17
2782,42
2783,31
2784,9
2784,18
2784,35
2785,18
2785,24
2786,19
2787,11
2787,17
2787,30
2788,19
2788,34
2789,3
2789,19
2790,13
2790,16
2790,17
2791,19
2791,35
2791,41
2792,35
2793,9
2793,18
2793,35
2794,4
2794,18
2794,35
2795,4
2795,18
2795,33
2796,9
2796,12
2797,13
2797,17
2797,30
2798,18
2798,35
2798,36
2799,16
2799,27
2799,42
2800,1
2800,2
2800,17
2801,8
2801,17
2802,13
2802,25
2803,18
2803,35
2804,2
2804,23
2804,27
2805,9
2805,18
2805,35
2806,11
2806,30
2807,31
2808,4
2808,19
2808,34
2809,12
2810,8
2811,17
2811,42
2812,5
2813,5
2814,12
2815,5
2816,8
2816,17
2816,25
2817,12
2817,28
2818,8
2818,13
2818,17
2819,18
2819,36
2819,37
2820,5
2820,13
2821,13
2821,16
2822,18
2822,20
2822,33
2823,13
2824,13
2824,17
2825,9
2825,18
2825,35
2826,9
2826,12
2827,26
2827,34
2827,35
2828,18
2828,24
2829,5
2830,31
2831,5
2831,13
2832,8
2832,17
2833,13
2833,17
2833,25
2834,13
2834,17
2835,13
2835,16
2835,17
2836,11
2836,23
2837,1
2837,8
2838,17
2838,42
2839,12
2840,13
2840,17
2840,42
2841,1
2841,8
2841,13
2842,19
2842,34
2843,8
2843,17
2843,21
2844,13
2844,17
2845,11
2845,23
2846,13
2846,17
2847,18
2847,26
2847,29
2848,16
2848,27
2848,42
2849,5
2849,8
2849,23
2850,31
2851,13
2851,16
2851,17
2852,13
2852,17
2853,13
2853,25
2854,31
2855,3
2855,9
2855,18
2856,9
2856,18
2856,35
2857,8
2857,13
2857,17
2858,19
2859,5
2860,13
2860,42
2861,5
2861,13
2862,8
2862,13
2862,23
2863,13
2863,17
2863,25
2864,13
2864,16
2865,13
2865,17
2865,25
2866,11
2866,17
2867,11
2867,23
2868,13
2868,25
2869,18
2869,29
2869,34
2870,31
2871,18
2871,33
2871,35
2872,9
2872,18
2872,29
2873,18
2873,29
2873,35
2874,1
2874,8
2874,13
2875,9
2875,33
2875,35
2876,18
2876,35
2877,2
2877,5
2878,39
2879,13
2879,17
2879,25
2880,13
2880,17
2881,34
2881,35
2881,38
2882,8
2882,13
2882,16
2883,13
2883,17
2884,9
2884,12
2885,13
2885,16
2885,17
2886,17
2886,25
2887,31
2888,5
2888,13
2888,14
2889,18
2889,20
2889,26
2890,15
2891,9
2891,12
2892,34
2892,35
2893,18
2893,20
2893,26
2894,18
2894,24
2895,9
2895,18
2895,29
2896,13
2896,16
2896,17
2897,17
2897,42
2898,13
2898,42
2899,13
2899,17
2900,8
2900,17
2900,23
2901,18
2901,36
2901,37
2902,5
2902,11
2902,17
2903,19
2903,33
2903,34
2904,13
2904,25
2905,13
2905,16
2906,1
2906,8
2906,25
2907,18
2907,35
2908,13
2908,42
2909,15
2909,16
2910,22
2911,19
2911,34
2912,5
2912,8
2913,13
2913,17
2913,25
2914,8
2914,13
2914,16
2915,8
2915,17
2915,25
2916,8
2916,17
2916,23
2917,13
2917,17
2917,25
2918,18
2918,26
2918,34
2919,8
2919,17
2920,1
2920,2
2920,5
2921,24
2921,26
2922,9
2922,33
2922,35
2923,18
2923,24
2923,29
2924,9
2924,18
2924,35
2925,8
2925,17
2925,25
2926,8
2926,25
2927,19
2927,34
2928,5
2928,8
2929,13
2929,16
2929,42
2930,11
2930,17
2931,13
2931,17
2931,25
2932,9
2932,34
2932,35
2933,13
2933,16
2933,42
2934,15
2935,13
2935,17
2935,42
2936,8
2936,13
2936,17
2937,13
2937,17
2938,19
2938,34
2939,18
2939,26
2939,35
2940,13
2940,16
2941,13
2941,17
2941,30
2942,33
2942,35
2942,37
2943,18
2943,20
2943,26
2944,13
2945,9
2945,12
2946,3
2946,18
2947,11
2948,9
2948,33
2949,9
2949,12
2950,11
2950,30
2951,1
2951,27
2952,8
2952,14
2952,25
2953,31
2954,19
2954,34
2955,17
2955,42
2956,13
2956,17
2956,42
2957,8
2957,13
2957,16
2958,7
2958,13
2958,17
2959,3
2959,18
2960,18
2960,20
2960,35
2961,22
2962,8
2962,17
2962,25
2963,19
2963,33
2964,5
2964,8
2964,17
2965,22
2966,3
2966,18
2967,3
2967,18
2968,19
2969,1
2969,15
2969,27
2970,13
2970,17
2970,23
2971,13
2971,17
2972,18
2972,29
2972,33
2973,13
2973,17
2974,8
2974,13
2974,16
2975,18
2975,26
2975,35
2976,11
2976,23
2977,9
2977,18
2977,29
2978,18
2978,24
2978,26
2979,31
2980,4
2980,9
2980,18
2981,18
2981,24
2981,26
2982,13
2982,17
2983,18
2983,26
2983,34
2984,12
2984,28
2985,18
2985,35
2985,38
2986,8
2986,17
2986,25
2987,8
2987,13
2987,16
2988,31
2989,13
2989,16
2990,13
2990,16
2990,17
2991,17
2991,42
2992,12
2993,18
2993,35
2994,24
2995,34
2995,35
2996,8
2996,17
2996,25
2997,31
2998,33
2998,35
2998,36
2999,3
2999,18
3000,18
3000,35
3000,37
3001,12
3001,28
3002,18
3002,26
3002,29
3003,8
3003,13
3003,17
3004,31
3005,8
3005,13
3005,16
3006,19
3006,33
3006,38
3007,8
3007,13
3007,17
3008,13
3008,16
3009,13
3009,16
3010,13
3010,42
3011,18
3011,35
3011,36
3012,12
3012,18
3013,18
3013,24
3014,24
3015,15
3016,18
3016,35
3016,38
3017,5
3017,8
3018,13
3018,16
3019,13
3019,17
3019,42
3020,1
3020,2
3020,5
3021,3
3021,18
3022,13
3023,13
3023,16
3023,17
3024,13
3024,17
3024,42
3025,9
3025,12
3026,17
3026,27
3026,42
3027,1
3027,16
3028,31
3029,19
3030,1
3030,13
3030,17
3031,19
3031,34
3031,35
3032,11
3033,8
3033,13
3033,17
3034,34
3034,35
3035,4
3035,9
3035,18
3036,19
3036,34
3037,9
3037,18
3037,35
3038,9
3038,33
3038,34
3039,1
3039,13
3039,16
3040,19
3040,34
3041,18
3041,24
3041,34
3042,1
3042,8
3043,12
3043,24
3043,41
3044,13
3044,16
3045,8
3045,13
3045,17
3046,4
3046,18
3046,35
3047,8
3047,17
3047,25
3048,18
3048,35
3048,41
3049,13
3049,17
3049,25
3050,12
3050,28
3051,18
3051,33
3051,35
3052,13
3052,17
3053,18
3053,20
3053,26
3054,9
3054,18
3054,24
3055,8
3055,17
3056,3
3056,41
3057,19
3058,5
3058,8
3059,5
3059,8
3060,5
3060,8
3061,15
3061,17
3061,42
3062,31
3063,5
3063,8
3063,27
3064,18
3064,20
3064,26
3065,5
3065,8
3065,23
3066,35
3066,40
3067,19
3068,9
3068,12
3068,18
3069,13
3069,17
3069,27
3070,2
3070,5
3071,13
3071,17
3071,25
3072,18
3072,20
3072,26
3073,1
3074,8
3075,18
3075,20
3075,35
3076,35
3077,18
3077,20
3077,26
3078,15
3078,17
3078,42
3079,13
3079,16
3079,17
3080,12
3080,18
3081,8
3081,30
3082,8
3083,18
3083,35
3083,40
3084,19
3084,20
3085,19
3086,19
3086,20
3087,32
3087,34
3088,18
3088,35
3089,3
3089,18
3090,13
3090,17
3091,1
3091,8
3091,17
3092,11
3092,17
3093,12
3094,8
3094,17
3095,13
3095,16
3095,17
3096,18
3096,35
3097,9
3097,26
3097,35
3098,1
3098,15
3098,27
3099,2
3099,25
3100,5
3100,8
3101,1
3101,13
3102,1
3102,8
3102,17
3103,15
3103,27
3103,42
3104,3
3104,18
3104,41
3105,8
3105,17
3105,23
3106,5
3106,8
3107,33
3107,35
3107,38
3108,42
3109,34
3109,35
3110,5
3110,30
3111,8
3111,17
3112,18
3112,35
3113,13
3113,17
3113,25
3114,17
3114,23
3115,13
3115,17
3115,25
3116,13
3116,17
3117,13
3118,18
3118,33
3118,35
3119,11
3119,17
3120,18
3120,26
3120,35
3121,9
3121,18
3121,35
3122,9
3122,12
3123,26
3123,35
3124,31
3125,8
3125,13
3125,16
3126,13
3126,16
3126,17
3127,8
3127,13
3127,17
3128,18
3128,20
3128,26
3129,19
3129,20
3130,18
3130,20
3130,26
3131,18
3131,35
3132,8
3132,13
3132,17
3133,8
3133,13
3133,17
3134,1
3134,17
3135,1
3135,17
3135,23
3136,1
3136,8
3136,13
3137,17
3137,42
3138,3
3138,18
3139,5
3139,8
3139,17
3140,8
3140,13
3140,17
3141,8
3141,17
3141,25
3142,13
3142,17
3142,42
3143,1
3143,13
3143,17
3144,13
3144,17
3144,25
3145,8
3145,13
3145,17
3146,13
3146,17
3146,23
3147,19
3147,34
3148,13
3148,17
3148,42
3149,19
3149,34
3150,8
3150,13
3150,17
3151,1
3151,13
3152,8
3152,17
3153,8
3153,17
3153,25
3154,8
3154,17
3154,25
3155,13
3155,17
3155,25
3156,17
3156,42
3157,17
3157,42
3158,31
3159,13
3159,17
3160,8
3160,17
3161,31
3162,5
3162,8
3163,15
3163,16
3164,1
3164,17
3165,13
3165,14
3165,17
3166,34
3167,8
3167,17
3168,13
3168,17
3169,34
3170,13
3171,1
3171,2
3171,17
3172,13
3172,17
3173,5
3174,3
3174,18
3174,26
3175,18
3175,35
3175,37
3176,9
3176,12
3177,18
3177,29
3177,35
3178,9
3178,18
3178,26
3179,8
3179,13
3179,17
3180,8
3180,13
3180,17
3181,5
3181,13
3181,25
3182,11
3183,33
3183,35
3183,36
3184,34
3185,18
3185,35
3185,41
3186,18
3186,26
3186,29
3187,31
3188,36
3188,37
3188,38
3189,5
3189,8
3189,23
3190,8
3190,17
3190,25
3191,13
3191,42
3192,13
3192,17
3192,42
3193,34
3193,35
3194,8
3194,17
3194,25
3195,11
3195,17
3196,13
3196,17
3196,25
3197,13
3197,17
3197,25
3198,8
3198,13
3198,17
3199,13
3199,17
3199,25
3200,19
3200,20
3200,34
3201,5
3201,13
3201,17
3202,8
3202,13
3202,17
3203,11
3203,17
3203,23
3204,13
3204,17
3204,42
3205,18
3205,20
3205,26
3206,11
3206,17
3207,8
3207,13
3207,17
3208,13
3208,16
3208,17
3209,19
3210,8
3210,17
3210,42
3211,13
3211,16
3211,17
3212,13
3212,17
3213,9
3213,18
3213,29
3214,8
3214,17
3215,8
3215,16
3215,17
3216,1
3216,8
3216,17
3217,18
3217,26
3217,34
3218,13
3218,17
3218,42
3219,5
3219,13
3220,3
3220,18
3221,18
3221,32
3221,34
3222,34
3223,18
3223,34
3223,35
3224,1
3224,13
3225,8
3225,17
3225,25
3226,5
3226,8
3227,13
3227,16
3228,13
3229,31
3230,5
3231,9
3231,18
3231,35
3232,5
3233,18
3233,29
3233,32
3234,1
3234,13
3234,17
3235,11
3235,17
3236,13
3236,42
3237,18
3237,34
3237,38
3238,13
3238,16
3238,17
3239,35
3240,1
3240,2
3240,17
3241,31
3242,24
3243,9
3243,12
3244,18
3244,34
3244,35
3245,11
3245,30
3246,18
3246,24
3247,19
3247,33
3247,38
3248,19
3248,34
3249,5
3249,8
3249,25
3250,18
3250,34
3250,35
3251,11
3252,13
3252,17
3252,25
3253,18
3253,35
3254,11
3254,17
3254,30
3255,13
3255,16
3255,17
3256,9
3256,12
3256,18
3257,31
3258,18
3258,26
3258,34
3259,18
3259,35
3259,41
3260,1
3260,8
3260,17
3261,31
3262,13
3262,17
3263,15
3263,16
3264,18
3264,26
3265,13
3265,25
3266,11
3266,17
3267,5
3267,23
3268,1
3268,13
3268,17
3269,8
3269,16
3269,17
3270,24
3271,18
3271,20
3271,26
3272,3
3272,41
3273,2
3273,23
3274,5
3274,8
3275,18
3275,26
3276,19
3277,18
3277,26
3277,35
3278,18
3278,20
3278,26
3279,11
3279,17
3280,9
3280,18
3280,29
3281,2
3281,17
3281,25
3282,18
3282,33
3282,35
3283,12
3283,24
3284,9
3284,18
3284,35
3285,18
3285,26
3285,33
3286,31
3287,18
3287,26
3287,34
3288,12
3288,29
3289,18
3289,20
3289,35
3290,31
3291,13
3291,16
3291,21
3292,18
3292,26
3292,41
3293,11
3294,18
3294,26
3294,34
3295,4
3295,12
3295,18
3296,19
3296,33
3296,34
3297,8
3297,13
3297,21
3298,1
3298,13
3298,17
3299,9
3299,18
3299,29
3300,17
3300,42
3301,13
3302,9
3302,18
3302,35
3303,1
3303,13
3303,17
3304,5
3304,8
3304,23
3305,19
3305,34
3306,31
3307,4
3307,18
3307,34
3308,8
3308,13
3308,16
3309,13
3309,17
3309,25
3310,8
3311,4
3311,18
3311,34
3312,11
3313,13
3313,17
3313,42
3314,9
3314,12
3315,22
3316,5
3316,8
3317,19
3317,34
3318,5
3318,8
3318,23
3319,5
3320,5
3320,8
3321,5
3321,8
3322,5
3323,5
3323,8
3324,5
3324,8
3325,5
3325,8
3326,19
3326,34
3327,8
3327,17
3328,12
3328,18
3328,28
3329,9
3329,18
3329,35
3330,13
3331,18
3331,24
3331,34
3332,13
3333,8
3334,3
3334,41
3335,1
3335,17
3336,11
3337,3
3337,18
3337,41
3338,5
3338,13
3338,25
3339,5
3339,8
3339,25
3340,3
3340,26
3340,41
3341,3
3341,26
3342,3
3342,18
3343,18
3343,24
3344,5
3344,8
3344,25
3345,24
3346,19
3347,22
3348,13
3349,13
3349,17
3350,11
3350,17
3351,5
3352,18
3352,29
3352,35
3353,18
3353,35
3353,37
3354,11
3354,17
3354,23
3355,31
3356,3
3356,18
3357,9
3357,18
3357,33
3358,9
3358,18
3358,35
3359,18
3359,20
3359,26
3360,13
3360,17
3360,25
3361,18
3361,20
3361,26
3362,9
3362,18
3362,35
3363,31
3364,12
3364,32
3365,11
3365,17
3366,11
3366,17
3367,11
3367,17
3367,30
3368,18
3368,26
3368,41
3369,18
3369,26
3369,41
3370,34
3371,9
3371,18
3371,35
3372,13
3372,17
3372,42
3373,8
3373,13
3374,9
3374,18
3374,29
3375,11
3376,9
3376,18
3376,29
3377,17
3378,18
3378,24
3379,18
3379,24
3379,29
3380,15
3380,16
3380,42
3381,8
3381,13
3381,17
3382,18
3382,33
3382,37
3383,33
3383,34
3383,36
3384,11
3384,23
3385,15
3385,17
3386,12
3387,11
3388,1
3388,17
3389,11
3389,31
3390,1
3390,8
3390,16
3391,5
3391,8
3392,13
3392,17
3392,42
3393,8
3393,17
3393,25
3394,19
3395,5
3396,5
3397,5
3398,5
3399,15
3400,13
3400,17
3401,4
3401,18
3401,24
3402,4
3402,19
3403,8
3403,17
3403,25
3404,19
3404,34
3405,19
3405,20
3406,8
3406,13
3406,17
3407,19
3408,1
3408,13
3408,17
3409,11
3410,8
3410,13
3411,18
3411,34
3412,13
3412,17
3413,8
3413,13
3413,17
3414,13
3414,14
3414,17
3415,9
3415,18
3415,33
3416,19
3416,40
3417,18
3417,20
3417,26
3418,11
3419,11
3420,31
3421,18
3421,20
3421,26
3422,15
3423,11
3423,30
3424,9
3424,18
3424,35
3425,31
3426,13
3426,17
3427,9
3427,18
3427,20
3428,8
3428,17
3428,25
3429,13
3429,42
3430,42
3431,34
3431,35
3431,41
3432,13
3432,17
3433,13
3433,17
3433,42
3434,18
3434,26
3434,34
3435,15
3435,17
3436,3
3436,19
3437,17
3437,23
3438,3
3438,18
3439,13
3439,25
3440,13
3440,42
3441,24
3442,31
3443,5
3443,8
3444,13
3444,17
3444,25
3445,19
3445,29
3446,18
3446,20
3446,33
3447,13
3447,16
3447,17
3448,11
3449,8
3449,17
3449,25
3450,4
3450,19
3450,40
3451,15
3451,42
3452,5
3452,8
3453,4
3453,9
3453,18
3454,19
3454,33
3454,35
3455,12
3455,28
3456,19
3457,5
3458,3
3458,9
3459,12
3460,8
3460,17
3460,25
3461,11
3462,18
3462,20
3462,26
3463,18
3463,20
3463,26
3464,18
3464,26
3464,34
3465,18
3465,34
3466,13
3466,17
3466,25
3467,18
3467,34
3467,35
3468,18
3468,34
3469,11
3469,17
3469,30
3470,5
3471,19
3471,20
3472,31
3473,5
3473,8
3474,18
3474,20
3474,26
3475,18
3475,20
3475,26
3476,5
3476,8
3477,8
3477,13
3477,16
3478,9
3478,33
3478,35
3479,31
3480,11
3480,17
3481,13
3481,17
3482,18
3482,33
3482,35
3483,8
3483,17
3484,9
3484,18
3484,29
3485,13
3485,27
3485,42
3486,2
3486,23
3486,27
3487,13
3487,17
3487,25
3488,1
3488,13
3488,17
3489,9
3489,18
3489,29
3490,12
3491,11
3491,17
3492,18
3492,35
3492,36
3493,8
3493,17
3493,23
3494,8
3494,17
3494,23
3495,1
3496,31
3497,8
3497,13
3497,17
3498,8
3498,16
3498,17
3499,13
3499,16
3499,17
3500,18
3500,20
3500,33
3501,8
3502,9
3502,18
3502,35
3503,4
3503,9
3503,18
3504,4
3504,9
3504,18
3505,24
3506,12
3506,28
3507,18
3507,34
3507,35
3508,8
3508,17
3509,5
3510,13
3510,17
3510,25
3511,18
3511,20
3511,26
3512,1
3513,31
3514,11
3514,17
3514,23
3515,11
3516,9
3516,12
3517,8
3517,17
3517,23
3518,11
3518,17
3519,11
3520,3
3520,18
3520,36
3521,8
3521,17
3522,18
3522,35
3522,36
3523,13
3523,17
3523,25
3524,5
3524,8
3524,25
3525,4
3525,9
3525,18
3526,9
3526,35
3527,33
3527,35
3527,38
3528,12
3528,28
3529,31
3530,11
3530,17
3531,13
3531,17
3531,42
3532,8
3532,13
3532,16
3533,8
3533,16
3533,17
3534,8
3534,17
3534,25
3535,18
3535,35
3535,40
3536,11
3537,13
3537,16
3537,17
3538,8
3538,13
3538,17
3539,11
3539,17
3540,19
3541,12
3541,28
3542,3
3542,18
3543,13
3543,16
3543,17
3544,4
3544,9
3544,12
3545,5
3546,8
3546,17
3547,4
3547,19
3548,8
3548,17
3549,8
3549,17
3550,5
3550,8
3550,13
3551,24
3552,33
3552,35
3552,38
3553,9
3553,18
3553,29
3554,19
3555,17
3555,42
3556,8
3556,25
3557,13
3557,14
3557,17
3558,11
3558,23
3559,4
3559,18
3559,24
3560,31
3561,8
3561,17
3562,9
3562,12
3563,3
3563,9
3563,18
3564,8
3564,13
3564,17
3565,8
3565,17
3566,17
3566,23
3567,13
3567,16
3567,17
3568,11
3569,15
3569,17
3569,42
3570,15
3570,17
3570,42
3571,15
3571,17
3571,42
3572,24
3573,17
3573,25
3574,11
3575,31
3576,18
3576,26
3576,29
3577,9
3577,18
3577,29
3578,9
3578,18
3578,35
3579,12
3579,28
3580,9
3580,18
3580,29
3581,5
3581,8
3581,27
3582,9
3582,35
3582,37
3583,27
3583,42
3584,8
3585,5
3586,18
3586,33
3586,35
3587,8
3587,17
3588,18
3588,29
3588,33
3589,3
3589,18
3590,9
3590,18
3590,35
3591,18
3591,35
3591,40
3592,31
3593,9
3593,12
3594,13
3594,17
3595,8
3595,17
3595,23
3596,11
3596,30
3597,11
3597,17
3598,35
3599,19
3600,31
3601,34
3601,35
3602,34
3602,35
3602,36
3603,13
3603,16
3603,17
3604,5
3604,8
3604,21
3605,9
3605,18
3605,35
3606,12
3607,9
3607,18
3607,20
3608,18
3608,35
3609,26
3609,34
3609,35
3610,18
3610,20
3610,26
3611,18
3611,20
3611,26
3612,18
3612,20
3612,35
3613,18
3613,20
3613,26
3614,18
3614,20
3614,26
3615,18
3615,20
3615,26
3616,33
3616,38
3617,17
3617,42
3618,31
3619,8
3619,13
3619,17
3620,31
3621,31
3622,11
3622,30
3623,31
3624,11
3624,17
3625,19
3625,34
3625,35
3626,13
3626,17
3627,5
3627,8
3627,17
3628,12
3628,24
3629,11
3630,8
3631,13
3631,17
3632,13
3632,16
3632,17
3633,18
3633,37
3633,40
3634,18
3634,34
3634,35
3635,13
3635,42
3636,31
3637,19
3638,13
3638,16
3638,17
3639,15
3639,17
3640,8
3640,15
3640,17
3641,18
3641,20
3641,26
3642,13
3642,16
3642,17
3643,4
3643,18
3643,33
3644,11
3645,19
3646,31
3647,31
3648,1
3648,10
3648,17
3649,8
3649,17
3650,1
3650,8
3650,17
3651,1
3651,17
3652,18
3652,26
3652,35
3653,8
3653,17
3654,32
3654,34
3655,19
3655,34
3656,18
3656,36
3656,37
3657,18
3657,20
3657,26
3658,42
3659,1
3659,13
3659,17
3660,19
3660,34
3661,18
3661,26
3661,35
3662,13
3662,17
3663,8
3664,3
3664,18
3665,3
3665,18
3665,41
3666,3
3666,18
3667,3
3667,18
3668,19
3668,33
3668,38
3669,8
3669,13
3669,16
3670,18
3670,35
3671,13
3671,16
3671,17
3672,18
3672,24
3673,13
3673,17
3673,42
3674,18
3674,20
3674,26
3675,18
3675,33
3675,38
3676,1
3677,11
3677,17
3678,19
3679,11
3679,17
3679,23
3680,31
3681,4
3681,19
3681,35
3682,11
3682,17
3682,30
3683,18
3683,26
3683,35
3684,11
3685,18
3685,35
3685,40
3686,36
3686,37
3686,38
3687,12
3687,35
3688,18
3688,24
3689,18
3689,26
3689,35
3690,18
3690,26
3690,35
3691,18
3691,20
3691,35
3692,19
3692,33
3692,34
3693,19
3694,31
3695,19
3696,19
3696,34
3697,3
3697,18
3698,11
3698,17
3699,15
3699,17
3699,25
3700,13
3700,17
3700,42
3701,24
3701,34
3701,36
3702,8
3702,13
3702,17
3703,9
3703,12
3704,11
3704,17
3705,9
3705,12
3705,28
3706,18
3706,24
3707,1
3707,17
3707,27
3708,19
3708,38
3709,18
3709,29
3709,34
3710,13
3710,16
3710,23
3711,9
3711,18
3711,34
3712,31
3713,17
3713,23
3714,17
3714,23
3714,42
3715,11
3715,17
3716,31
3717,3
3717,18
3718,1
3718,17
3719,13
3719,16
3719,17
3720,18
3720,26
3720,29
3721,1
3721,2
3721,17
3722,12
3722,24
3723,19
3723,29
3723,41
3724,3
3724,18
3725,3
3725,18
3726,9
3726,33
3726,35
3727,18
3727,24
3728,9
3728,12
3729,1
3729,2
3729,17
3730,15
3730,16
3730,17
3731,13
3731,17
3731,42
3732,13
3732,16
3732,23
3733,11
3733,17
3734,31
3735,42
3736,8
3736,13
3736,16
3737,3
3737,18
3738,3
3738,18
3739,11
3740,8
3740,17
3740,25
3741,13
3741,16
3741,17
3742,3
3742,18
3743,18
3743,26
3743,34
3744,9
3744,12
3744,18
3745,9
3745,18
3745,35
3746,24
3747,9
3747,18
3747,35
3748,5
3748,8
3749,9
3749,18
3749,29
3750,34
3750,35
3751,4
3751,18
3751,35
3752,34
3753,9
3753,33
3753,35
3754,8
3755,9
3755,18
3755,29
3756,18
3756,35
3756,37
3757,11
3758,15
3758,17
3759,31
3760,11
3760,23
3761,19
3762,13
3762,16
3762,17
3763,9
3763,35
3763,40
3764,13
3764,17
3764,21
3765,17
3765,27
3765,42
3766,8
3766,17
3766,25
3767,5
3768,5
3768,13
3768,17
3769,8
3769,15
3769,16
3770,19
3771,35
3772,11
3772,23
3773,13
3773,17
3774,2
3774,17
3775,4
3775,18
3775,35
3776,13
3776,17
3776,27
3777,31
3778,5
3778,27
3779,34
3780,19
3780,33
3780,34
3781,18
3781,20
3781,33
3782,13
3782,17
3783,18
3783,35
3784,13
3784,16
3784,17
3785,3
3785,18
3785,41
3786,8
3786,17
3787,1
3787,17
3787,30
3788,9
3788,35
3789,8
3789,13
3789,16
3790,9
3790,12
3790,18
3791,13
3791,17
3792,8
3792,13
3792,17
3793,9
3793,35
3794,17
3794,42
3795,32
3795,34
3796,11
3797,12
3797,18
3798,13
3798,16
3798,17
3799,1
3799,16
3799,27
3800,26
3800,34
3800,35
3801,15
3801,21
3801,23
3802,35
3802,40
3803,8
3803,23
3803,30
3804,11
3804,17
3805,1
3805,8
3805,17
3806,31
3807,19
3807,34
3808,9
3808,18
3808,29
3809,9
3809,12
3809,18
3810,11
3810,17
3811,11
3811,17
3812,11
3812,17
3813,34
3814,1
3814,17
3815,11
3815,23
3816,31
3817,13
3817,27
3817,42
3818,4
3818,18
3818,34
3819,5
3819,13
3820,13
3820,16
3820,17
3821,5
3821,8
3822,4
3822,19
3822,34
3823,13
3823,16
3823,17
3824,19
3824,29
3825,18
3825,26
3825,35
3826,1
3826,13
3827,3
3827,18
3828,8
3829,11
3830,5
3830,8
3831,11
3832,9
3832,18
3832,35
3833,13
3833,16
3833,17
3834,13
3834,16
3834,17
3835,1
3835,8
3835,13
3836,34
3836,35
3837,8
3837,13
3837,17
3838,12
3838,24
3839,9
3839,18
3839,35
3840,18
3840,26
3840,35
3841,35
3841,41
3842,8
3843,1
3843,13
3843,17
3844,18
3844,35
3845,18
3845,34
3846,18
3846,26
3846,35
3847,18
3847,26
3847,35
3848,18
3848,26
3848,35
3849,18
3849,35
3850,18
3850,26
3850,34
3851,18
3851,35
3852,18
3852,35
3852,38
3853,9
3853,18
3853,20
3854,18
3854,34
3854,35
3855,18
3855,35
3856,9
3856,18
3856,35
3857,18
3857,35
3858,11
3858,17
3859,17
3859,27
3860,11
3860,21
3861,9
3861,18
3861,29
3862,19
3862,34
3863,8
3863,17
3863,25
3864,13
3864,16
3865,24
3866,13
3866,17
3866,42
3867,8
3867,25
3868,34
3869,8
3869,13
3869,17
3870,1
3871,3
3871,18
3872,11
3872,23
3873,11
3874,15
3874,17
3875,8
3875,13
3875,17
3876,8
3876,17
3877,18
3877,33
3877,34
3878,31
3879,18
3879,34
3879,35
3880,3
3880,9
3880,18
3881,18
3881,34
3881,35
3882,18
3882,34
3882,38
3883,18
3883,34
3883,35
3884,9
3884,18
3884,26
3885,33
3885,34
3885,36
3886,13
3886,16
3886,17
3887,9
3887,18
3887,29
3888,36
3888,37
3888,41
3889,8
3889,17
3889,25
3890,8
3890,13
3890,17
3891,8
3891,13
3891,17
3892,11
3892,23
3893,12
3894,39
3895,13
3895,17
3896,11
3896,23
3897,11
3898,18
3898,33
3898,34
3899,18
3899,34
3900,13
3900,16
3900,17
3901,18
3901,26
3902,3
3902,18
3903,18
3903,34
3904,8
3904,25
3905,13
3905,17
3906,13
3906,16
3906,17
3907,31
3908,11
3908,23
3909,8
3909,13
3909,17
3910,5
3911,8
3911,13
3911,17
3912,17
3912,23
3912,42
3913,11
3913,30
3914,13
3914,17
3914,25
3915,8
3915,17
3915,23
3916,8
3916,17
3916,25
3917,13
3917,17
3917,27
3918,13
3918,17
3918,25
3919,1
3919,8
3919,13
3920,15
3921,26
3921,34
3922,13
3922,17
3923,15
3923,17
3924,15
3924,17
3925,31
3926,34
3927,8
3927,25
3928,26
3928,34
3929,18
3929,20
3929,35
3930,31
3931,15
3931,42
3932,19
3932,24
3932,28
3933,13
3933,17
3933,23
3934,1
3934,8
3934,13
3935,12
3936,1
3936,27
3937,4
3937,18
3937,34
3938,9
3938,18
3938,34
3939,12
3939,28
3940,1
3940,8
3940,13
3941,9
3941,18
3941,35
3942,19
3943,12
3944,19
3945,9
3945,18
3945,29
3946,8
3946,13
3946,16
3947,9
3947,18
3947,20
3948,31
3949,15
3949,17
3950,18
3950,26
3950,35
3951,8
3951,13
3951,17
3952,13
3952,17
3953,31
3954,19
3954,34
3955,17
3955,25
3955,27
3956,13
3956,16
3956,17
3957,18
3957,20
3957,26
3958,8
3959,3
3959,18
3960,15
3961,13
3961,16
3961,17
3962,4
3962,19
3963,8
3963,13
3963,16
3964,13
3964,17
3964,30
3965,18
3965,35
3965,37
3966,34
3966,36
3966,40
3967,13
3968,11
3969,18
3969,35
3970,4
3970,18
3970,35
3971,18
3971,35
3972,18
3972,24
3972,26
3973,15
3973,17
3974,13
3974,17
3974,25
3975,31
3976,1
3976,8
3976,13
3977,9
3977,18
3977,33
3978,1
3978,8
3978,17
3979,1
3979,8
3979,17
3980,19
3981,9
3981,18
3981,29
3982,9
3982,18
3982,35
3983,13
3983,17
3983,27
3984,11
3984,23
3985,18
3985,35
3986,8
3986,13
3986,23
3987,35
3987,37
3987,38
3988,11
3988,17
3988,30
3989,19
3990,18
3990,34
3990,35
3991,1
3991,8
3991,17
3992,1
3992,8
3992,17
3993,8
3993,13
3993,17
3994,13
3994,17
3994,25
3995,17
3995,25
3996,11
3996,17
3996,30
3997,18
3997,35
3998,13
3998,16
3998,17
3999,18
3999,26
3999,35
4000,31
4001,8
4001,13
4001,16
4002,18
4002,26
4002,34
4003,8
4003,13
4003,17
4004,1
4004,17
4005,31
4006,13
4006,17
4006,21
4007,18
4007,26
4007,35
4008,31
4009,31
4010,31
4011,31
4012,11
4012,30
4013,18
4013,35
4014,1
4014,13
4014,17
4015,4
4015,19
4016,9
4016,12
4017,4
4017,18
4017,34
4018,13
4018,17
4018,25
4019,13
4019,17
4019,25
4020,8
4020,13
4020,17
4021,17
4021,25
4022,8
4022,13
4022,17
4023,18
4023,35
4023,37
4024,18
4024,34
4024,38
4025,1
4026,31
4027,18
4027,26
4027,35
4028,18
4028,35
4029,33
4030,18
4030,26
4030,35
4031,18
4031,35
4031,37
4032,1
4032,8
4032,17
4033,18
4033,35
4033,36
4034,13
4034,16
4034,25
4035,13
4035,16
4035,17
4036,18
4036,35
4037,5
4037,13
4038,8
4038,13
4038,25
4039,8
4039,17
4040,13
4040,17
4040,25
4041,13
4041,17
4041,25
4042,13
4042,17
4042,25
4043,9
4043,35
4044,18
4044,35
4044,37
4045,18
4045,20
4045,26
4046,1
4047,13
4047,17
4047,25
4048,13
4048,17
4048,25
4049,13
4049,17
4050,1
4050,13
4050,17
4051,11
4051,17
4052,11
4052,17
4052,30
4053,11
4053,17
4053,23
4054,8
4054,17
4055,12
4055,18
4056,19
4056,20
4056,34
4057,12
4058,35
4059,5
4059,8
4060,15
4060,17
4060,42
4061,5
4061,8
4062,13
4062,17
4062,23
4063,5
4063,13
4063,16
4064,3
4064,18
4064,41
4065,1
4065,17
4066,5
4067,13
4067,17
4067,42
4068,13
4068,16
4068,17
4069,13
4069,17
4069,25
4070,1
4070,8
4070,17
4071,8
4071,17
4071,25
4072,8
4072,13
4072,17
4073,13
4073,16
4073,17
4074,8
4074,13
4074,17
4075,8
4075,17
4075,25
4076,8
4076,13
4076,17
4077,13
4077,17
4077,25
4078,13
4078,17
4078,23
4079,13
4079,17
4079,25
4080,9
4080,35
4081,31
4082,13
4082,16
4082,17
4083,13
4083,17
4084,31
4085,12
4085,24
4086,13
4086,17
4087,8
4087,13
4087,16
4088,13
4088,16
4088,17
4089,13
4089,16
4089,17
4090,4
4090,18
4090,24
4091,19
4092,13
4092,17
4092,42
4093,31
4094,11
4094,21
4095,13
4095,16
4095,17
4096,1
4096,13
4096,17
4097,11
4098,13
4098,17
4098,27
4099,13
4099,16
4099,17
4100,11
4101,8
4101,13
4101,16
4102,13
4102,16
4102,17
4103,13
4103,17
4104,8
4104,13
4104,17
4105,18
4105,34
4105,35
4106,12
4106,34
4107,13
4107,17
4107,25
4108,8
4108,17
4108,25
4109,13
4109,17
4110,9
4110,12
4110,18
4111,8
4111,16
4111,17
4112,18
4112,29
4112,36
4113,8
4113,17
4113,25
4114,8
4114,17
4115,19
4116,31
4117,18
4117,26
4117,29
4118,11
4119,18
4119,26
4119,35
4120,9
4120,18
4120,35
4121,13
4121,30
4122,5
4122,8
4123,34
4124,11
4124,23
4125,13
4125,16
4125,17
4126,18
4126,34
4127,9
4127,18
4127,35
4128,9
4128,18
4128,20
4129,31
4130,4
4130,9
4130,18
4131,18
4131,35
4132,3
4132,18
4132,26
4133,18
4133,20
4133,26
4134,15
4134,27
4135,13
4135,16
4135,17
4136,11
4137,8
4137,13
4137,17
4138,5
4138,13
4139,22
4140,5
4141,5
4142,19
4143,34
4143,35
4144,9
4144,18
4144,35
4145,3
4145,18
4146,5
4147,13
4147,42
4148,8
4148,15
4148,17
4149,8
4149,13
4149,17
4150,19
4151,13
4151,17
4152,13
4152,17
4152,23
4153,13
4153,16
4153,17
4154,31
4155,13
4155,17
4156,13
4156,17
4156,27
4157,11
4158,13
4158,17
4158,25
4159,13
4159,16
4159,17
4160,13
4160,17
4161,13
4161,14
4161,17
4162,13
4162,14
4162,17
4163,18
4163,35
4164,33
4164,34
4164,36
4165,13
4165,17
4166,15
4166,17
4167,4
4167,18
4167,35
4168,18
4168,29
4168,34
4169,9
4169,12
4169,18
4170,8
4170,17
4171,1
4171,17
4172,18
4172,26
4172,34
4173,9
4173,12
4174,13
4174,17
4174,23
4175,9
4175,18
4175,35
4176,1
4176,17
4177,11
4178,13
4178,27
4179,9
4179,33
4179,40
4180,18
4180,26
4180,35
4181,11
4181,17
4182,11
4182,17
4183,13
4183,16
4183,17
4184,4
4184,12
4184,18
4185,12
4185,32
4186,11
4187,13
4187,17
4188,8
4188,16
4188,17
4189,17
4189,42
4190,18
4190,26
4190,35
4191,1
4191,13
4191,17
4192,15
4192,17
4193,1
4193,17
4194,31
4195,15
4195,17
4196,15
4196,17
4197,18
4197,35
4198,13
4198,17
4199,8
4199,13
4199,17
4200,18
4200,24
4200,26
4201,26
4201,34
4202,34
4203,4
4203,19
4203,34
4204,11
4204,23
4205,13
4205,16
4205,17
4206,8
4206,13
4207,19
4207,29
4208,18
4208,33
4208,35
4209,1
4209,2
4209,17
4210,8
4210,13
4210,17
4211,13
4211,16
4211,17
4212,15
4212,17
4212,25
4213,13
4213,16
4213,17
4214,13
4214,17
4214,23
4215,8
4215,13
4215,16
4216,18
4216,26
4216,35
4217,18
4217,26
4217,35
4218,1
4218,7
4218,8
4219,19
4219,33
4219,34
4220,8
4220,17
4220,23
4221,32
4221,34
4222,13
4222,16
4222,17
4223,31
4224,2
4224,5
4225,17
4225,42
4226,13
4226,16
4226,17
4227,18
4227,35
4228,24
4229,31
4230,31
4231,11
4232,31
4233,31
4234,31
4235,31
4236,31
4237,11
4237,17
4237,23
4238,31
4239,31
4240,31
4241,11
4242,8
4242,15
4242,17
4243,23
4244,1
4244,2
4244,17
4245,31
4246,31
4247,23
4247,31
4248,23
4248,31
4249,31
4250,31
4251,39
4252,9
4252,18
4252,35
4253,13
4253,17
4254,13
4254,17
4254,27
4255,9
4255,18
4255,34
4256,1
4256,8
4256,13
4257,9
4257,12
4258,18
4258,35
4258,41
4259,11
4259,17
4260,13
4260,17
4260,42
4261,32
4261,34
4262,18
4262,26
4262,34
4263,4
4263,18
4263,33
4264,9
4264,18
4264,35
4265,4
4265,34
4266,18
4266,26
4266,35
4267,12
4268,8
4268,13
4268,17
4269,13
4269,27
4269,42
4270,18
4270,26
4270,34
4271,3
4271,18
4272,18
4272,26
4272,34
4273,18
4273,26
4273,35
4274,9
4274,18
4274,35
4275,3
4275,18
4275,40
4276,11
4277,18
4277,33
4277,35
4278,15
4278,17
4279,22
4280,3
4280,18
4281,1
4281,17
4282,17
4282,42
4283,13
4283,17
4283,42
4284,13
4284,16
4284,17
4285,32
4285,34
4286,13
4286,16
4286,17
4287,5
4287,8
4288,8
4288,13
4288,17
4289,18
4289,26
4289,34
4290,5
4290,8
4291,19
4291,34
4292,13
4292,42
4293,8
4293,13
4294,23
4295,13
4295,25
4296,5
4296,27
4297,4
4297,18
4297,34
4298,8
4298,13
4298,17
4299,11
4299,23
4300,11
4300,23
4301,11
4301,23
4302,11
4302,23
4303,11
4303,17
4304,13
4304,17
4304,42
4305,18
4305,20
4305,26
4306,4
4306,9
4306,12
4307,13
4307,16
4307,17
4308,34
4309,9
4309,12
4310,9
4310,18
4310,35
4311,9
4311,18
4311,35
4312,19
4313,3
4313,18
4314,11
4315,31
4316,8
4316,17
4317,9
4317,18
4317,35
4318,8
4318,13
4318,16
4319,5
4319,13
4320,1
4320,5
4320,13
4321,34
4321,38
4321,41
4322,18
4322,35
4323,11
4323,23
4324,5
4325,11
4326,31
4327,18
4327,20
4327,34
4328,9
4328,18
4328,20
4329,1
4329,8
4329,17
4330,13
4330,17
4330,25
4331,17
4331,42
4332,11
4332,17
4333,13
4333,17
4333,25
4334,1
4334,8
4334,17
4335,8
4335,17
4335,25
4336,8
4336,13
4336,17
4337,13
4337,17
4338,8
4338,17
4338,25
4339,8
4339,17
4339,25
4340,1
4340,13
4340,17
4341,19
4341,20
4342,1
4342,17
4343,1
4343,13
4343,17
4344,8
4344,17
4344,25
4345,22
4346,1
4346,8
4346,17
4347,13
4347,16
4347,17
4348,11
4348,30
4349,8
4349,17
4350,13
4350,17
4351,9
4351,18
4351,35
4352,5
4352,13
4352,25
4353,5
4354,24
4355,13
4355,17
4356,13
4356,16
4356,17
4357,18
4357,26
4357,35
4358,13
4358,16
4358,17
4359,8
4359,13
4359,17
4360,19
4361,1
4361,8
4361,17
4362,13
4362,16
4362,17
4363,32
4363,34
4364,19
4365,5
4366,18
4366,33
4366,35
4367,9
4367,18
4367,29
4368,4
4368,18
4368,34
4369,34
4369,38
4370,5
4370,8
4371,8
4371,17
4372,19
4373,19
4373,34
4374,5
4374,8
4375,15
4375,17
4376,8
4376,15
4376,17
4377,24
4378,31
4379,11
4380,18
4380,26
4380,35
4381,29
4381,35
4382,26
4382,29
4382,34
4383,15
4383,16
4383,42
4384,8
4384,13
4384,17
4385,19
4385,35
4386,8
4386,13
4387,5
4387,13
4387,25
4388,12
4388,18
4388,24
4389,13
4389,16
4389,17
4390,3
4390,19
4391,8
4391,17
4391,25
4392,8
4392,13
4392,16
4393,15
4393,17
4394,11
4394,17
4395,8
4395,16
4395,17
4396,15
4396,17
4397,13
4397,17
4398,1
4398,17
4399,23
4400,9
4400,18
4400,35
4401,12
4401,18
4401,28
4402,8
4402,17
4402,25
4403,8
4403,17
4404,12
4404,35
4405,1
4405,13
4406,18
4406,34
4407,9
4407,18
4407,29
4408,19
4408,40
4409,24
4410,9
4410,18
4410,38
4411,9
4411,35
4412,13
4412,17
4413,31
4414,18
4414,34
4415,8
4415,17
4415,21
4416,19
4417,11
4417,23
4418,13
4418,25
4419,7
4419,13
4419,16
4420,11
4421,8
4421,17
4421,23
4422,17
4422,42
4423,13
4423,17
4423,23
4424,13
4424,17
4425,1
4425,13
4425,17
4426,13
4426,17
4426,23
4427,8
4427,13
4427,17
4428,8
4428,13
4428,17
4429,17
4429,25
4430,8
4430,13
4430,17
4431,19
4431,29
4432,13
4432,17
4432,23
4433,8
4433,17
4433,23
4434,8
4434,17
4435,16
4435,42
4436,31
4437,12
4438,13
4438,17
4438,42
4439,8
4439,17
4439,42
4440,17
4440,42
4441,8
4441,13
4441,17
4442,13
4442,17
4443,1
4443,8
4443,17
4444,8
4444,17
4444,23
4445,8
4445,17
4445,23
4446,13
4446,17
4446,30
4447,8
4447,17
4447,23
4448,31
4449,8
4449,13
4449,17
4450,13
4450,17
4450,23
4451,31
4452,13
4452,17
4453,8
4453,17
4453,23
4454,13
4454,17
4455,8
4455,13
4455,17
4456,1
4456,13
4456,17
4457,13
4457,17
4457,42
4458,13
4458,17
4458,23
4459,8
4459,17
4459,23
4460,13
4460,17
4460,42
4461,31
4462,4
4462,24
4463,11
4463,21
4464,13
4464,16
4464,17
4465,8
4465,13
4465,17
4466,8
4466,13
4466,16
4467,5
4467,13
4468,13
4468,17
4468,42
4469,13
4469,17
4470,3
4470,18
4471,1
4471,17
4472,13
4472,17
4472,23
4473,13
4473,17
4474,8
4474,13
4474,17
4475,8
4475,17
4475,25
4476,11
4477,9
4477,12
4477,18
4478,13
4478,17
4478,42
4479,19
4479,34
4480,34
4481,11
4482,1
4482,13
4482,17
4483,31
4484,18
4484,26
4484,35
4485,1
4485,27
4486,32
4487,8
4487,17
4487,25
4488,18
4488,26
4488,34
4489,12
4489,18
4489,28
4490,19
4490,34
4491,22
4492,22
4493,5
4493,8
4494,1
4494,17
4494,27
4495,9
4495,12
4496,9
4496,33
4497,13
4497,17
4498,22
4499,18
4499,35
4499,41
4500,1
4500,17
4501,1
4501,17
4502,4
4502,18
4502,26
4503,13
4503,17
4503,42
4504,19
4504,34
4505,9
4505,18
4505,34
4506,31
4507,13
4507,17
4508,13
4508,17
4509,4
4509,18
4509,24
4510,13
4510,17
4510,30
4511,15
4511,17
4511,42
4512,9
4512,19
4513,15
4513,17
4513,27
4514,11
4514,21
4515,12
4516,15
4516,17
4517,11
4517,23
4518,34
4518,37
4519,35
4519,36
4519,37
4520,13
4520,16
4521,9
4521,18
4521,35
4522,12
4523,13
4523,42
4524,9
4524,18
4524,35
4525,10
4525,15
4525,16
4526,31
4527,1
4527,13
4527,17
4528,19
4529,15
4530,24
4531,12
4532,3
4532,18
4533,15
4533,42
4534,8
4534,13
4534,16
4535,5
4536,18
4536,20
4536,34
4537,3
4537,18
4537,26
4538,13
4538,17
4539,15
4540,1
4541,8
4541,23
4542,31
4543,4
4543,12
4543,34
4544,11
4545,8
4546,8
4546,11
4547,8
4547,11
4548,8
4549,11
4550,4
4550,12
4551,18
4551,34
4552,4
4552,6
4552,18
4553,7
4553,8
4553,10
4554,4
4554,34
4555,8
4556,11
4557,1
4557,13
4557,17
4558,5
4559,15
4559,17
4560,1
4560,13
4560,17
4561,13
4561,17
4561,30
4562,13
4562,17
4563,13
4563,17
4563,25
4564,17
4564,23
4564,25
4565,13
4565,17
4566,8
4566,17
4566,25
4567,13
4567,16
4567,17
4568,13
4568,17
4568,23
4569,8
4569,17
4569,23
4570,13
4570,17
4571,26
4571,34
4572,1
4572,8
4572,17
4573,8
4573,13
4573,17
4574,1
4574,13
4574,17
4575,8
4575,13
4575,17
4576,13
4576,17
4576,23
4577,13
4577,17
4577,30
4578,8
4578,17
4578,25
4579,1
4579,13
4579,17
4580,8
4580,13
4580,17
4581,17
4581,42
4582,13
4582,17
4583,8
4583,17
4583,25
4584,8
4584,13
4584,17
4585,8
4585,13
4585,17
4586,8
4586,17
4587,1
4587,17
4588,1
4588,17
4589,8
4589,17
4589,27
4590,5
4591,5
4592,8
4592,13
4592,16
4593,1
4593,13
4593,17
4594,13
4594,17
4594,25
4595,8
4595,17
4595,23
4596,1
4596,13
4596,17
4597,8
4597,13
4597,16
4598,1
4598,17
4599,15
4599,17
4599,42
4600,8
4600,17
4600,23
4601,1
4601,17
4601,23
4602,1
4602,17
4602,23
4603,8
4603,13
4603,17
4604,8
4604,13
4604,17
4605,24
4606,1
4606,17
4606,23
4607,11
4607,17
4608,8
4608,17
4608,23
4609,4
4609,18
4609,24
4610,1
4610,13
4610,17
4611,13
4611,16
4611,17
4612,1
4612,17
4612,23
4613,8
4613,17
4613,25
4614,13
4614,17
4615,8
4615,17
4615,25
4616,13
4616,17
4616,25
4617,5
4617,13
4618,13
4618,16
4618,17
4619,1
4619,17
4619,27
4620,1
4620,13
4621,11
4622,18
4622,24
4622,29
4623,19
4624,19
4624,34
4625,15
4625,17
4626,11
4626,17
4627,16
4627,17
4627,42
4628,24
4628,28
4628,33
4629,3
4629,18
4630,34
4630,35
4630,37
4631,11
4631,23
4632,31
4633,9
4633,34
4633,35
4634,3
4634,18
4635,19
4636,9
4636,18
4636,35
4637,9
4637,34
4637,41
4638,12
4638,18
4638,29
4639,9
4639,18
4639,29
4640,32
4640,34
4641,19
4642,13
4642,17
4642,42
4643,8
4643,13
4643,16
4644,18
4644,26
4644,33
4645,11
4646,18
4646,20
4646,35
4647,13
4647,17
4648,32
4648,34
4649,12
4649,19
4649,28
4650,13
4650,17
4651,18
4651,34
4652,19
4653,19
4654,11
4655,12
4656,9
4656,33
4656,35
4657,5
4657,8
4657,27
4658,8
4658,25
4659,19
4660,13
4660,17
4660,42
4661,8
4661,13
4661,17
4662,1
4663,9
4663,18
4663,33
4664,9
4664,35
4664,37
4665,9
4665,18
4665,35
4666,13
4666,17
4666,42
4667,13
4667,16
4667,17
4668,13
4668,16
4668,17
4669,13
4669,16
4669,17
4670,13
4670,16
4670,17
4671,18
4671,34
4671,35
4672,13
4672,17
4672,30
4673,18
4673,29
4673,35
4674,9
4674,12
4674,18
4675,32
4675,34
4676,8
4676,17
4676,25
4677,24
4678,24
4678,29
4679,9
4679,18
4679,29
4680,1
4680,17
4681,8
4681,17
4681,25
4682,1
4682,17
4683,12
4684,31
4685,31
4686,18
4686,35
4686,36
4687,8
4688,18
4688,34
4688,35
4689,8
4689,23
4690,4
4690,18
4690,26
4691,8
4691,13
4691,17
4692,1
4692,13
4692,17
4693,13
4693,17
4693,42
4694,13
4694,17
4694,25
4695,8
4695,13
4695,17
4696,8
4697,24
4698,8
4698,13
4698,17
4699,8
4699,17
4699,25
4700,31
4701,13
4701,17
4701,27
4702,8
4702,13
4702,16
4703,12
4703,18
4703,28
4704,12
4704,24
4704,28
4705,34
4706,13
4706,25
4707,8
4708,11
4708,30
4709,13
4709,17
4709,42
4710,35
4710,36
4710,37
4711,18
4711,26
4711,35
4712,18
4712,35
4712,37
4713,8
4713,13
4713,17
4714,1
4714,17
4715,8
4715,13
4715,17
4716,2
4716,17
4716,25
4717,9
4717,18
4717,29
4718,19
4719,8
4719,13
4720,13
4720,17
4720,42
4721,5
4721,8
4721,13
4722,13
4722,17
4723,13
4723,17
4723,25
4724,13
4724,17
4724,23
4725,13
4725,17
4726,13
4726,17
4726,25
4727,1
4727,13
4727,17
4728,8
4728,17
4728,23
4729,8
4729,17
4729,23
4730,17
4730,23
4730,25
4731,1
4731,13
4731,17
4732,13
4732,17
4732,42
4733,13
4733,17
4734,1
4734,8
4734,17
4735,13
4735,17
4735,25
4736,8
4736,17
4736,25
4737,8
4737,17
4737,25
4738,5
4738,13
4738,16
4739,12
4739,18
4740,11
4741,13
4741,16
4741,17
4742,18
4742,35
4742,37
4743,18
4743,26
4743,35
4744,18
4744,34
4745,3
4745,18
4746,22
4747,8
4748,34
4749,8
4749,15
4749,17
4750,31
4751,9
4751,29
4751,33
4752,1
4752,13
4752,27
4753,9
4753,18
4753,33
4754,11
4755,18
4755,34
4755,35
4756,13
4756,17
4757,31
4758,17
4758,42
4759,4
4759,18
4759,24
4760,12
4760,18
4761,5
4761,8
4762,8
4763,19
4763,34
4764,18
4764,34
4764,35
4765,19
4766,13
4766,14
4766,17
4767,8
4767,17
4768,12
4768,18
4768,29
4769,11
4769,17
4769,23
4770,1
4770,2
4770,17
4771,5
4771,13
4771,17
4772,32
4772,34
4773,18
4773,26
4773,35
4774,1
4774,27
4775,31
4776,15
4776,16
4776,17
4777,18
4777,33
4777,35
4778,4
4778,18
4778,24
4779,9
4779,12
4780,18
4780,20
4780,26
4781,12
4781,18
4782,31
4783,1
4783,8
4783,13
4784,13
4784,16
4784,17
4785,5
4785,13
4786,31
4787,31
4788,31
4789,31
4790,8
4790,13
4790,17
4791,8
4791,13
4791,17
4792,31
4793,13
4793,17
4793,25
4794,8
4794,13
4794,17
4795,13
4795,16
4795,21
4796,5
4796,8
4796,13
4797,13
4797,17
4797,42
4798,8
4798,13
4798,17
4799,9
4799,35
4799,37
4800,15
4800,17
4801,8
4801,13
4801,17
4802,11
4802,23
4803,13
4803,16
4803,17
4804,31
4805,9
4805,35
4805,37
4806,15
4806,16
4806,17
4807,13
4807,17
4807,42
4808,4
4808,18
4808,24
4809,31
4810,4
4810,9
4810,18
4811,8
4811,13
4811,17
4812,11
4813,27
4813,42
4814,19
4814,34
4815,31
4816,18
4816,34
4817,1
4817,2
4817,27
4818,8
4818,17
4818,21
4819,35
4820,13
4820,16
4820,17
4821,17
4822,9
4822,33
4822,35
4823,13
4823,17
4823,25
4824,31
4825,18
4825,29
4825,34
4826,8
4826,13
4826,17
4827,8
4827,17
4828,11
4828,17
4829,8
4829,25
4830,13
4830,16
4830,17
4831,13
4831,17
4832,19
4833,19
4834,8
4834,13
4834,16
4835,8
4835,16
4835,17
4836,31
4837,9
4837,12
4837,37
4838,35
4839,3
4839,19
4840,13
4840,17
4841,13
4841,17
4841,42
4842,9
4842,12
4842,18
4843,13
4843,16
4844,11
4844,17
4844,30
4845,34
4846,34
4847,32
4847,34
4848,13
4848,17
4848,42
4849,18
4849,20
4849,26
4850,31
4851,8
4851,25
4852,31
4853,19
4853,33
4853,38
4854,18
4854,33
4854,34
4855,31
4856,8
4856,17
4856,25
4857,19
4858,9
4858,19
4858,34
4859,31
4860,11
4860,17
4861,1
4861,13
4861,17
4862,1
4862,2
4862,7
4863,3
4863,18
4864,31
4865,8
4865,16
4866,32
4867,31
4868,9
4868,12
4868,37
4869,8
4869,25
4870,19
4870,34
4871,31
4872,8
4872,17
4873,15
4874,5
4874,8
4874,23
4875,32
4875,34
4876,13
4876,27
4876,42
4877,31
4878,11
4879,13
4879,17
4880,19
4881,8
4881,17
4881,25
4882,1
4882,17
4883,8
4883,13
4883,17
4884,8
4884,17
4885,1
4885,17
4886,13
4886,17
4887,1
4887,13
4887,16
4888,11
4888,17
4889,1
4889,16
4890,8
4890,17
4891,31
4892,8
4892,17
4892,25
4893,22
4894,22
4895,22
4896,22
4897,22
4898,22
4899,19
4900,13
4900,17
4901,18
4901,32
4902,8
4902,13
4902,16
4903,8
4903,17
4904,18
4904,35
4905,8
4905,17
4905,25
4906,13
4906,17
4907,12
4908,5
4908,13
4908,25
4909,18
4909,35
4909,36
4910,8
4910,17
4910,30
4911,18
4911,35
4912,11
4913,8
4914,18
4914,26
4914,34
4915,18
4915,35
4916,31
4917,11
4918,5
4919,1
4919,8
4919,17
4920,31
4921,8
4921,13
4921,16
4922,8
4922,13
4923,11
4924,8
4924,13
4924,17
4925,18
4925,35
4926,9
4926,18
4926,35
4927,32
4927,34
4928,1
4928,27
4929,13
4929,14
4929,16
4930,8
4930,17
4930,25
4931,19
4932,13
4932,16
4932,17
4933,31
4934,18
4934,35
4935,13
4935,16
4936,13
4936,16
4936,30
4937,13
4937,17
4937,27
4938,11
4938,14
4939,31
4940,8
4940,13
4940,16
4941,31
4942,4
4942,18
4942,26
4943,19
4944,15
4944,16
4945,31
4946,13
4946,17
4946,42
4947,33
4947,38
4948,13
4948,17
4948,42
4949,13
4949,17
4950,9
4950,18
4950,34
4951,31
4952,4
4952,18
4952,34
4953,1
4953,8
4953,13
4954,13
4954,17
4954,42
4955,8
4955,13
4955,17
4956,13
4956,17
4956,25
4957,8
4957,13
4957,17
4958,4
4958,18
4958,26
4959,1
4959,27
4960,13
4960,16
4960,30
4961,8
4961,25
4962,12
4963,31
4964,13
4964,27
4964,42
4965,6
4965,9
4965,18
4966,8
4966,10
4967,8
4967,10
4968,12
4969,4
4969,18
4969,32
4970,13
4970,17
4970,42
4971,1
4971,8
4972,13
4972,17
4973,13
4973,16
4973,23
4974,4
4974,18
4974,35
4975,13
4975,23
4976,13
4976,17
4976,23
4977,32
4977,34
4978,5
4978,13
4979,18
4979,29
4979,35
4980,11
4981,9
4981,12
4982,31
4983,2
4983,5
4983,17
4984,8
4984,13
4984,17
4985,18
4985,26
4985,35
4986,18
4986,35
4986,37
4987,13
4987,17
4988,1
4988,13
4988,17
4989,3
4989,18
4990,31
4991,5
4992,3
4992,18
4993,4
4993,9
4993,18
4994,13
4994,42
4995,9
4995,18
4995,20
4996,11
4996,17
4996,30
4997,17
4997,42
4998,9
4998,18
4998,35
4999,31
5000,5
5000,11
5001,12
5001,28
5002,31
5003,31
5004,15
5004,17
5005,9
5005,18
5005,35
5006,31
5007,1
5007,16
5007,27
5008,13
5008,17
5008,25
5009,13
5009,17
5010,1
5010,8
5010,17
5011,13
5011,23
5011,25
5012,8
5012,17
5013,13
5013,17
5013,25
5014,8
5014,16
5014,17
5015,13
5015,17
5016,8
5016,17
5017,22
5018,22
5019,8
5019,10
5020,22
5021,8
5021,16
5021,17
5022,13
5022,17
5023,13
5023,17
5023,42
5024,22
5025,31
5026,15
5026,17
5026,42
5027,18
5027,26
5027,34
5028,18
5028,35
5028,40
5029,27
5029,42
5030,9
5030,35
5031,4
5031,12
5031,18
5032,13
5032,17
5032,42
5033,4
5033,9
5033,18
5034,1
5034,13
5034,17
5035,31
5036,19
5036,33
5037,34
5037,35
5037,41
5038,13
5038,25
5039,18
5039,35
5039,37
5040,31
5041,8
5041,17
5041,25
5042,11
5043,15
5043,17
5043,42
5044,11
5044,17
5045,8
5045,25
5046,23
5046,31
5047,33
5047,35
5048,1
5048,27
5049,12
5049,24
5050,31
5051,13
5051,17
5051,25
5052,8
5052,13
5052,17
5053,11
5054,13
5054,16
5054,25
5055,9
5055,12
5055,18
5056,11
5056,17
5057,31
5058,4
5058,9
5058,18
5059,8
5059,13
5059,14
5060,8
5061,31
5062,31
5063,31
5064,19
5064,34
5065,1
5065,17
5066,18
5066,20
5066,34
5067,31
5068,31
5069,11
5069,17
5070,33
5070,35
5070,38
5071,18
5071,26
5071,35
5072,31
5073,8
5074,15
5074,42
5075,16
5075,17
5075,42
5076,18
5076,26
5076,29
5077,31
5078,39
5079,31
5080,1
5080,17
5080,27
5081,13
5081,17
5081,23
5082,5
5082,13
5082,30
5083,34
5084,13
5084,17
5085,8
5085,16
5086,11
5086,17
5087,31
5088,31
5089,15
5089,17
5089,42
5090,18
5090,26
5090,34
5091,6
5091,34
5092,15
5092,42
5093,3
5093,18
5093,36
5094,8
5094,13
5094,16
5095,11
5095,17
5096,3
5096,18
5097,3
5097,18
5098,4
5098,18
5098,26
5099,3
5099,19
5100,9
5100,18
5100,35
5101,32
5101,34
5102,8
5102,17
5103,8
5103,17
5103,30
5104,9
5104,18
5104,35
5105,1
5105,8
5105,13
5106,18
5106,35
5107,5
5107,23
5108,8
5108,16
5109,31
5110,18
5110,20
5110,34
5111,15
5111,16
5111,42
5112,4
5112,12
5113,12
5113,18
5113,28
5114,1
5114,27
5115,13
5115,17
5115,25
5116,5
5116,8
5117,11
5118,31
5119,9
5119,18
5119,34
5120,18
5120,20
5120,26
5121,18
5121,32
5121,34
5122,13
5122,17
5122,25
5123,8
5123,13
5123,17
5124,8
5124,16
5125,8
5125,13
5125,17
5126,9
5126,12
5127,35
5128,31
5129,18
5129,35
5130,8
5130,13
5131,1
5131,17
5132,13
5132,17
5132,23
5133,11
5133,14
5134,5
5134,8
5134,23
5135,31
5136,8
5136,17
5136,25
5137,15
5137,16
5138,5
5138,8
5139,19
5139,34
5140,18
5140,35
5141,5
5141,8
5141,23
5142,18
5142,34
5143,5
5144,13
5144,16
5144,17
5145,19
5145,34
5146,18
5146,26
5146,35
5147,17
5147,27
5147,42
5148,35
5149,11
5150,4
5150,18
5150,34
5151,4
5151,9
5151,18
5152,8
5152,17
5153,11
5154,13
5154,16
5154,17
5155,18
5155,26
5155,35
5156,18
5156,34
5157,39
5158,18
5158,20
5158,35
5159,23
5160,35
5161,5
5161,23
5162,31
5163,11
5164,5
5164,13
5164,25
5165,11
5166,9
5166,35
5167,19
5168,13
5168,16
5169,24
5170,3
5170,18
5170,41
5171,9
5171,18
5171,35
5172,31
5173,1
5173,8
5173,17
5174,18
5174,33
5174,34
5175,3
5175,19
5176,34
5177,31
5178,1
5178,17
5179,3
5179,18
5180,11
5181,19
5182,13
5183,11
5184,8
5184,13
5184,17
5185,18
5185,35
5186,9
5186,18
5186,35
5187,1
5187,13
5187,17
5188,17
5188,42
5189,1
5189,13
5189,17
5190,5
5190,8
5191,1
5191,13
5191,17
5192,18
5192,35
5193,18
5193,35
5194,18
5194,35
5195,9
5195,18
5195,33
5196,18
5196,35
5197,31
5198,11
5199,13
5199,25
5199,30
5200,5
5200,8
5201,32
5201,37
5201,38
5202,11
5203,13
5203,16
5204,1
5204,42
5205,31
5206,35
5206,36
5206,37
5207,4
5207,34
5208,13
5208,42
5209,34
5209,41
5210,11
5211,9
5211,12
5211,18
5212,1
5213,8
5213,17
5213,25
5214,31
5215,1
5215,17
5216,18
5216,26
5216,35
5217,18
5217,26
5217,34
5218,13
5218,17
5218,23
5219,11
5219,17
5220,19
5221,8
5221,13
5221,17
5222,12
5222,24
5223,8
5223,13
5223,17
5224,13
5224,17
5225,31
5226,11
5227,8
5227,15
5228,8
5228,13
5228,16
5229,8
5229,17
5229,25
5230,8
5230,16
5230,17
5231,31
5232,3
5232,18
5233,19
5234,11
5234,21
5235,31
5236,13
5236,17
5236,42
5237,3
5237,19
5238,19
5238,34
5239,8
5239,17
5240,11
5240,17
5241,11
5241,30
5242,5
5242,8
5243,18
5243,35
5244,19
5245,6
5245,33
5245,38
5246,33
5246,38
5247,18
5247,26
5247,35
5248,18
5248,26
5248,35
5249,13
5249,17
5250,13
5250,16
5250,17
5251,18
5251,35
5252,4
5252,12
5252,18
5253,15
5253,42
5254,11
5255,18
5255,34
5255,35
5256,13
5256,25
5257,11
5257,17
5258,4
5258,12
5258,18
5259,34
5260,18
5260,35
5261,13
5261,16
5261,17
5262,31
5263,18
5263,24
5264,38
5264,40
5265,8
5265,17
5266,8
5266,15
5266,17
5267,11
5267,23
5268,13
5268,16
5268,42
5269,31
5270,5
5271,13
5272,11
5273,19
5274,5
5274,11
5275,34
5275,35
5276,11
5277,31
5278,8
5279,9
5279,18
5279,29
5280,31
5281,12
5281,28
5282,31
5283,8
5283,13
5284,31
5285,26
5285,34
5285,35
5286,35
5287,9
5287,35
5287,37
5288,35
5288,37
5288,38
5289,18
5289,34
5289,35
5290,18
5290,35
5290,36
5291,1
5291,17
5292,11
5292,17
5293,1
5293,2
5293,17
5294,1
5294,2
5294,17
5295,13
5295,16
5296,8
5296,17
5296,25
5297,13
5297,17
5297,23
5298,18
5298,35
5299,3
5299,18
5300,12
5300,24
5301,1
5301,17
5302,19
5303,8
5303,15
5304,8
5304,17
5304,23
5305,1
5305,13
5305,17
5306,9
5306,33
5306,35
5307,1
5307,8
5307,17
5308,11
5308,30
5309,11
5309,17
5310,13
5310,17
5310,25
5311,8
5311,13
5311,17
5312,5
5312,8
5313,11
5313,17
5314,13
5314,17
5315,11
5315,17
5316,31
5317,16
5317,42
5318,17
5318,42
5319,15
5319,42
5320,31
5321,19
5322,9
5322,33
5322,35
5323,11
5323,30
5324,1
5324,27
5325,9
5325,18
5325,35
5326,23
5326,31
5327,31
5328,9
5328,18
5328,35
5329,8
5330,13
5331,13
5331,17
5332,8
5332,25
5333,15
5333,16
5334,1
5335,1
5335,13
5335,17
5336,1
5336,13
5336,17
5337,1
5337,13
5337,17
5338,1
5338,13
5338,17
5339,1
5339,13
5339,17
5340,1
5340,13
5340,17
5341,5
5342,1
5342,17
5342,27
5343,31
5344,11
5344,30
5345,16
5345,42
5346,34
5347,17
5347,42
5348,18
5348,35
5348,38
5349,9
5349,18
5349,35
5350,18
5350,35
5351,9
5351,18
5351,35
5352,8
5352,13
5352,17
5353,9
5353,18
5353,35
5354,5
5354,8
5355,18
5355,26
5355,35
5356,9
5356,18
5356,26
5357,18
5357,26
5357,34
5358,31
5359,8
5359,16
5359,23
5360,5
5360,13
5360,30
5361,9
5361,18
5361,29
5362,13
5362,16
5362,17
5363,18
5363,35
5364,4
5364,6
5364,18
5365,8
5365,13
5365,17
5366,4
5366,9
5366,18
5367,4
5367,12
5367,18
5368,12
5369,8
5369,16
5369,25
5370,31
5371,11
5371,23
5372,31
5373,32
5374,13
5374,17
5375,13
5375,17
5375,25
5376,5
5376,8
5377,11
5378,13
5378,16
5379,31
5380,31
5381,19
5382,18
5382,35
5382,41
5383,18
5383,26
5383,35
5384,18
5384,35
5385,18
5385,35
5386,8
5386,16
5387,18
5387,33
5387,35
5388,8
5388,13
5388,17
5389,18
5389,35
5389,37
5390,5
5390,13
5390,30
5391,9
5391,18
5391,35
5392,13
5392,17
5392,23
5393,19
5393,34
5394,18
5394,35
5395,31
5396,18
5396,26
5396,35
5397,7
5397,13
5397,17
5398,4
5398,19
5399,13
5399,16
5399,17
5400,18
5400,35
5400,36
5401,8
5401,13
5401,17
5402,18
5402,26
5402,35
5403,17
5403,42
5404,18
5404,26
5404,35
5405,9
5405,18
5405,35
5406,18
5406,35
5407,9
5407,18
5407,35
5408,18
5408,35
5409,13
5409,17
5410,18
5410,35
5411,18
5411,26
5411,34
5412,5
5412,8
5413,9
5413,35
5413,37
5414,35
5415,3
5415,18
5416,1
5416,8
5416,13
5417,31
5418,13
5418,21
5419,11
5420,13
5420,42
5421,13
5421,17
5421,30
5422,34
5423,19
5423,34
5424,5
5424,8
5425,31
5426,9
5426,35
5427,11
5427,30
5428,11
5429,19
5430,8
5430,13
5430,17
5431,31
5432,11
5433,31
5434,18
5434,20
5434,26
5435,18
5435,20
5435,26
5436,9
5436,18
5436,20
5437,9
5437,18
5437,20
5438,18
5438,26
5438,35
5439,18
5439,20
5439,35
5440,18
5440,20
5440,26
5441,13
5441,16
5441,42
5442,5
5442,13
5442,23
5443,1
5443,17
5444,13
5444,17
5445,4
5445,18
5445,26
5446,34
5446,35
5447,17
5447,27
5447,42
5448,13
5448,17
5448,23
5449,11
5450,8
5450,16
5451,11
5452,11
5453,13
5453,16
5453,17
5454,8
5454,13
5454,16
5455,8
5455,17
5455,25
5456,13
5456,17
5456,23
5457,11
5457,17
5457,21
5458,9
5458,18
5458,35
5459,19
5459,20
5460,32
5461,1
5461,8
5461,17
5462,13
5462,17
5462,25
5463,13
5463,17
5464,13
5464,17
5464,42
5465,18
5465,35
5466,18
5466,35
5467,11
5468,11
5469,31
5470,1
5470,13
5470,17
5471,35
5471,37
5471,40
5472,11
5473,1
5473,13
5473,17
5474,8
5474,13
5475,1
5475,17
5475,27
5476,31
5477,1
5477,2
5477,17
5478,12
5478,18
5479,11
5479,17
5479,21
5480,9
5480,12
5480,37
5481,31
5482,8
5482,17
5482,27
5483,8
5483,13
5483,17
5484,13
5484,16
5484,25
5485,22
5486,13
5486,17
5486,23
5487,13
5487,17
5488,8
5489,19
5489,33
5489,34
5490,11
5491,8
5491,10
5491,16
5492,5
5493,31
5494,8
5495,19
5496,31
5497,5
5497,11
5498,31
5499,13
5499,16
5499,17
5500,13
5500,17
5500,25
5501,8
5501,13
5501,17
5502,8
5502,17
5503,13
5503,17
5503,42
5504,11
5505,13
5505,17
5505,25
5506,13
5506,16
5506,17
5507,11
5507,17
5508,13
5508,17
5509,11
5510,18
5510,20
5510,26
5511,18
5511,20
5511,35
5512,13
5513,13
5513,42
5514,18
5514,20
5514,26
5515,9
5515,18
5515,29
5516,8
5516,13
5516,17
5517,13
5517,17
5518,8
5518,17
5519,31
5520,19
5520,34
5521,34
5522,12
5523,1
5523,13
5523,16
5524,19
5524,34
5525,13
5525,16
5525,25
5526,31
5527,5
5527,23
5528,5
5528,23
5529,5
5529,23
5530,8
5530,13
5530,17
5531,8
5531,13
5531,17
5532,13
5532,17
5532,25
5533,8
5533,13
5533,17
5534,8
5535,8
5535,17
5535,21
5536,31
5537,8
5538,18
5538,20
5538,35
5539,35
5540,13
5540,17
5540,25
5541,8
5541,16
5541,25
5542,22
5543,18
5543,35
5544,8
5544,13
5544,17
5545,13
5546,1
5546,10
5546,17
5547,13
5547,16
5548,13
5548,17
5549,11
5550,1
5550,17
5550,23
5551,13
5551,17
5552,13
5552,17
5553,13
5553,17
5553,42
5554,31
5555,12
5556,4
5556,34
5557,13
5557,16
5557,25
5558,31
5559,4
5559,19
5560,31
5561,11
5562,13
5563,32
5563,34
5564,3
5564,9
5564,18
5565,11
5566,8
5566,13
5566,16
5567,19
5568,24
5569,13
5569,17
5569,42
5570,18
5570,35
5571,7
5571,13
5571,16
5572,1
5572,13
5572,17
5573,1
5573,8
5573,17
5574,11
5574,13
5574,17
5575,1
5575,8
5575,13
5576,24
5576,41
5577,31
5578,13
5578,17
5578,30
5579,19
5579,34
5580,13
5580,16
5581,18
5581,20
5581,26
5582,13
5582,17
5582,25
5583,31
5584,18
5584,35
5585,13
5585,17
5585,25
5586,18
5586,20
5586,33
5587,31
5588,1
5588,17
5589,13
5589,17
5590,1
5590,17
5591,13
5591,16
5591,42
5592,19
5593,18
5593,20
5593,34
5594,18
5594,26
5594,34
5595,31
5596,17
5596,42
5597,5
5597,11
5598,5
5598,23
5599,18
5599,20
5599,26
5600,1
5600,17
5601,13
5601,16
5601,17
5602,18
5602,20
5602,35
5603,11
5603,23
5604,18
5604,20
5604,26
5605,17
5605,42
5606,13
5606,17
5607,8
5607,16
5608,31
5609,18
5609,20
5609,35
5610,3
5610,18
5611,8
5611,17
5611,23
5612,31
5613,11
5613,17
5614,8
5614,23
5614,25
5615,31
5616,13
5617,1
5617,13
5617,17
5618,1
5618,8
5618,13
5619,13
5619,16
5619,17
5620,1
5620,8
5620,17
5621,13
5621,17
5621,25
5622,5
5622,8
5623,31
5624,13
5624,17
5625,8
5625,17
5626,17
5626,27
5626,42
5627,13
5627,17
5628,31
5629,31
5630,13
5630,17
5631,8
5632,31
5633,13
5633,17
5633,23
5634,13
5634,17
5635,17
5635,42
5636,13
5636,17
5637,11
5637,17
5638,15
5638,42
5639,8
5639,13
5639,17
5640,31
5641,19
5641,34
5642,15
5642,17
5642,42
5643,5
5643,13
5644,5
5645,1
5645,17
5646,5
5646,27
5647,31
5648,13
5648,17
5648,42
5649,5
5649,8
5650,13
5650,16
5650,17
5651,33
5651,38
5652,13
5652,17
5653,13
5653,16
5653,17
5654,18
5654,20
5654,26
5655,3
5655,18
5656,24
5656,41
5657,13
5657,17
5658,23
5658,31
5659,9
5659,35
5659,37
5660,22
5661,31
5662,13
5663,4
5663,18
5663,34
5664,13
5665,8
5665,17
5666,18
5666,20
5666,26
5667,11
5667,30
5668,18
5668,20
5668,26
5669,18
5669,20
5669,35
5670,18
5670,20
5670,35
5671,18
5671,33
5671,38
5672,18
5672,20
5672,35
5673,3
5673,18
5674,18
5674,20
5674,26
5675,4
5675,18
5675,33
5676,18
5676,20
5676,26
5677,13
5677,16
5677,17
5678,18
5678,35
5679,31
5680,11
5681,9
5681,12
5682,5
5682,23
5683,1
5683,27
5684,12
5684,18
5684,24
5685,18
5685,26
5685,34
5686,8
5686,13
5686,16
5687,12
5687,18
5688,13
5688,16
5688,25
5689,11
5689,30
5690,23
5690,31
5691,6
5691,33
5691,36
5692,13
5692,17
5692,30
5693,19
5693,34
5693,35
5694,11
5695,13
5695,16
5696,11
5696,30
5697,13
5697,17
5698,13
5699,8
5699,17
5700,18
5700,26
5700,34
5701,18
5701,26
5701,34
5702,13
5702,17
5702,42
5703,8
5703,13
5703,16
5704,18
5704,26
5704,34
5705,31
5706,13
5706,16
5706,17
5707,11
5707,17
5708,34
5708,35
5708,41
5709,31
5710,13
5710,42
5711,13
5711,16
5711,17
5712,31
5713,31
5714,31
5715,13
5715,16
5715,17
5716,9
5716,18
5716,29
5717,4
5717,9
5717,18
5718,31
5719,13
5719,16
5719,17
5720,1
5720,8
5721,12
5721,18
5722,31
5723,9
5723,18
5723,35
5724,4
5724,19
5725,31
5726,11
5727,11
5728,18
5728,26
5728,34
5729,18
5729,26
5729,34
5730,18
5730,26
5730,34
5731,18
5731,26
5731,34
5732,18
5732,26
5732,34
5733,18
5733,26
5733,34
5734,11
5735,22
5736,8
5736,17
5736,25
5737,5
5737,8
5738,15
5738,17
5738,42
5739,11
5740,8
5740,13
5740,17
5741,8
5741,17
5742,18
5742,34
5743,8
5743,13
5743,17
5744,13
5744,17
5745,35
5745,40
5746,31
5747,8
5747,17
5747,30
5748,1
5748,2
5748,17
5749,1
5749,2
5749,27
5750,1
5750,2
5750,27
5751,8
5751,17
5751,23
5752,3
5752,9
5752,18
5753,9
5753,18
5753,35
5754,3
5754,18
5754,26
5755,11
5756,8
5757,23
5758,11
5759,31
5760,19
5761,1
5761,13
5761,17
5762,5
5762,8
5763,18
5763,26
5763,35
5764,18
5764,26
5764,35
5765,13
5766,13
5766,17
5767,18
5767,26
5767,34
5768,13
5768,17
5769,18
5769,26
5769,34
5770,19
5771,13
5771,16
5771,17
5772,18
5772,26
5772,34
5773,8
5773,17
5773,23
5774,5
5774,8
5775,18
5775,34
5775,35
5776,22
5777,13
5777,17
5778,18
5778,26
5778,35
5779,13
5779,16
5779,17
5780,11
5780,30
5781,8
5781,17
5782,18
5782,26
5782,34
5783,11
5784,11
5785,31
5786,19
5787,31
5788,31
5789,31
5790,31
5791,31
5792,31
5793,17
5793,27
5793,42
5794,31
5795,22
5796,11
5797,11
5797,23
5798,11
5799,31
5800,12
5801,19
5802,4
5802,12
5803,4
5803,36
5803,40
5804,9
5804,12
5804,28
5805,11
5806,18
5806,26
5806,35
5807,4
5807,9
5807,12
5808,3
5808,19
5809,31
5810,13
5810,23
5811,11
5811,23
5812,4
5812,12
5813,4
5813,9
5813,12
5814,22
5815,11
5816,31
5817,31
5818,31
5819,31
5820,31
5821,31
5822,11
5823,4
5823,9
5823,12
5824,4
5824,12
5824,28
5825,11
5826,18
5826,29
5826,35
5827,11
5828,19
5829,13
5829,16
5830,19
5831,13
5831,42
5832,11
5833,1
5834,8
5834,16
5834,17
5835,3
5835,18
5836,31
5837,33
5837,35
5838,13
5838,16
5838,17
5839,19
5840,31
5841,8
5841,13
5841,16
5842,1
5842,13
5842,17
5843,23
5843,31
5844,18
5844,35
5845,12
5845,18
5845,28
5846,12
5846,18
5846,28
5847,1
5847,8
5848,31
5849,8
5850,11
5850,30
5851,31
5852,13
5852,17
5853,15
5853,42
5854,3
5854,18
5855,11
5855,23
5856,19
5857,18
5857,24
5858,5
5858,8
5859,8
5859,15
5860,31
5861,11
5861,17
5862,5
5862,8
5862,10
5863,34
5864,3
5864,18
5864,26
5865,1
5865,25
5866,5
5866,27
5867,12
5868,19
5869,31
5870,19
5871,19
5872,12
5872,28
5873,31
5874,1
5874,13
5874,17
5875,1
5875,17
5876,31
5877,22
5878,19
5878,34
5879,31
5880,1
5880,8
5881,8
5881,17
5882,8
5882,23
5883,18
5883,35
5884,8
5884,13
5884,21
5885,31
5886,34
5887,8
5887,13
5887,16
5888,5
5889,36
5889,37
5889,40
5890,8
5890,16
5891,31
5892,13
5892,16
5893,13
5893,16
5893,27
5894,11
5894,17
5895,31
5896,19
5897,11
5897,23
5898,11
5899,13
5899,16
5899,25
5900,31
5901,34
5902,11
5902,31
5903,19
5904,15
5904,16
5904,42
5905,31
5906,31
5907,11
5907,23
5908,13
5908,16
5908,27
5909,4
5909,19
5909,34
5910,8
5910,13
5910,17
5911,11
5912,31
5913,11
5913,23
5914,31
5915,19
5916,31
5917,11
5918,31
5919,11
5920,31
5921,22
5922,31
5923,9
5923,34
5923,35
5924,19
5924,40
5925,31
5926,11
5926,17
5927,11
5928,31
5929,31
5930,11
5931,11
5932,11
5932,30
5933,11
5934,35
5935,11
5936,11
5936,17
5937,5
5937,8
5937,23
5938,5
5938,11
5938,30
5939,31
5940,35
5940,37
5940,38
5941,9
5941,35
5941,40
5942,11
5943,13
5944,13
5945,13
5946,13
5947,13
5947,30
5948,13
5949,13
5950,13
5951,13
5951,30
5952,13
5953,13
5953,42
5954,5
5954,13
5954,14
5955,13
5955,17
5956,15
5957,13
5957,17
5958,13
5958,16
5958,42
5959,1
5959,16
5959,27
5960,13
5961,13
5962,15
5962,17
5963,15
5963,17
5963,42
5964,13
5964,17
5964,42
5965,18
5965,35
5966,13
5966,42
5967,8
5967,13
5967,16
5968,30
5969,1
5969,13
5969,17
5970,13
5970,17
5971,13
5971,17
5972,11
5973,11
5973,17
5974,8
5974,25
5975,18
5975,26
5975,34
5976,15
5976,17
5977,8
5977,17
5978,1
5978,27
5979,9
5979,18
5979,35
5980,13
5980,25
5981,13
5981,25
5981,30
5982,1
5983,11
5983,17
5984,11
5985,4
5985,18
5985,24
5986,13
5986,16
5986,30
5987,18
5987,20
5987,26
5988,15
5988,16
5988,42
5989,15
5989,42
5990,22
5991,1
5991,17
5992,15
5992,42
5993,1
5994,8
5995,15
5995,16
5995,42
5996,15
5996,16
5997,11
5997,23
5998,17
5998,23
5999,27
6000,13
6000,16
6001,8
6002,18
6002,35
6003,1
6003,16
6003,27
6004,1
6005,1
6005,8
6005,17
6006,11
6007,8
6007,13
6008,13
6008,17
6008,42
6009,13
6009,21
6010,13
6010,17
6010,30
6011,11
6011,14
6012,8
6012,17
6013,1
6013,8
6014,13
6014,17
6015,11
6016,8
6016,21
6017,1
6017,8
6017,17
6018,8
6018,13
6018,25
6019,8
6019,25
6020,8
6020,13
6020,16
6021,13
6021,17
6022,1
6022,13
6022,17
6023,15
6023,17
6023,42
6024,8
6024,16
6024,42
6025,39
6026,8
6026,17
6026,23
6027,4
6027,12
6027,28
6028,8
6029,13
6029,16
6029,17
6030,13
6030,27
6031,1
6031,7
6031,13
6032,7
6032,10
6032,13
6033,13
6033,25
6034,11
6034,17
6035,13
6036,1
6036,17
6036,27
6037,8
6037,16
6038,18
6038,26
6038,35
6039,11
6040,8
6040,15
6041,15
6041,16
6042,5
6042,8
6042,25
6043,42
6044,11
6045,9
6045,18
6045,20
6046,8
6046,17
6047,13
6047,42
6048,11
6049,11
6049,17
6050,8
6050,10
6051,13
6051,17
6052,13
6052,42
6053,13
6053,16
6053,25
6054,5
6054,13
6054,25
6055,31
6056,17
6056,42
6057,13
6057,17
6058,8
6058,16
6059,13
6059,16
6060,13
6060,17
6061,8
6061,25
6062,8
6063,13
6063,25
6064,1
6064,13
6064,17
6065,11
6066,5
6067,35
6068,15
6069,1
6069,5
6069,16
6070,13
6070,17
6070,25
6071,8
6071,17
6072,8
6072,13
6072,17
6073,13
6073,17
6074,13
6074,17
6075,8
6075,13
6075,17
6076,8
6076,13
6076,17
6077,1
6077,13
6077,17
6078,8
6078,17
6078,27
6079,18
6079,20
6079,32
6080,5
6080,8
6081,8
6081,13
6081,17
6082,13
6082,17
6083,8
6083,13
6083,17
6084,13
6084,30
6085,13
6085,23
6085,25
6086,1
6087,1
6087,17
6088,1
6089,34
6090,1
6090,11
6090,17
6091,13
6091,16
6091,17
6092,15
6092,16
6092,17
6093,8
6094,4
6094,12
6094,18
6095,11
6096,11
6097,13
6097,16
6098,1
6098,15
6099,13
6100,4
6100,24
6100,26
6101,18
6101,26
6101,35
6102,9
6102,18
6102,33
6103,13
6103,17
6103,25
6104,11
6105,4
6105,12
6105,18
6106,13
6106,16
6106,17
6107,17
6107,23
6107,25
6108,8
6108,17
6109,5
6110,11
6110,17
6110,23
6111,7
6111,8
6111,13
6112,11
6113,5
6113,8
6113,27
6114,11
6115,8
6115,13
6115,16
6116,5
6117,17
6117,42
6118,5
6118,16
6119,15
6119,42
6120,15
6121,1
6122,13
6123,42
6124,5
6125,5
6126,19
6127,11
6128,8
6128,25
6129,8
6129,13
6129,17
6130,1
6130,7
6130,8
6131,13
6131,17
6132,12
6133,11
6134,1
6135,13
6136,11
6137,9
6137,35
6138,11
6139,12
6140,11
6141,42
6142,1
6142,13
6143,13
6144,13
6144,16
6145,11
6145,30
6146,35
6146,40
6147,8
6147,10
6147,13
6148,13
6149,11
6149,17
6149,23
6150,11
6150,17
6151,5
6152,5
6153,5
6154,5
6155,13
6155,17
6156,18
6156,26
6156,35
6157,13
6157,14
6158,8
6158,13
6158,17
6159,13
6159,16
6159,17
6160,8
6160,13
6160,21
6161,12
6161,28
6162,13
6162,16
6163,13
6163,25
6164,8
6165,13
6165,16
6165,17
6166,18
6166,36
6166,40
6167,18
6167,36
6167,37
6168,13
6168,17
6168,42
6169,5
6170,13
6170,16
6170,17
6171,1
6171,8
6171,27
6172,8
6172,17
6173,5
6174,1
6174,15
6175,13
6175,16
6175,17
6176,3
6176,19
6177,11
6178,11
6179,15
6179,27
6179,42
6180,1
6180,8
6180,17
6181,13
6181,16
6182,8
6182,13
6182,17
6183,8
6183,13
6183,17
6184,8
6184,25
6185,5
6185,8
6186,15
6186,42
6187,8
6187,25
6188,15
6188,27
6188,42
6189,1
6189,13
6189,17
6190,11
6190,30
6191,13
6191,27
6192,8
6192,17
6192,25
6193,9
6193,19
6193,34
6194,11
6194,17
6195,8
6195,16
6195,17
6196,11
6197,12
6197,18
6197,24
6198,17
6198,27
6198,42
6199,1
6199,27
6200,11
6200,17
6200,23
6201,13
6201,17
6201,30
6202,13
6202,16
6202,17
6203,13
6203,17
6204,13
6204,16
6205,11
6205,17
6206,8
6206,13
6206,17
6207,15
6207,16
6207,42
6208,13
6208,16
6208,42
6209,13
6209,42
6210,1
6210,8
6211,1
6211,8
6212,4
6212,34
6213,42
6214,11
6214,23
6215,18
6215,35
6216,13
6216,17
6217,13
6218,18
6218,29
6218,35
6219,5
6219,13
6220,5
6221,5
6222,17
6222,25
6223,8
6223,17
6223,25
6224,8
6224,13
6224,16
6225,1
6225,8
6225,16
6226,1
6226,17
6227,18
6227,26
6227,34
6228,13
6228,17
6229,8
6229,17
6229,25
6230,11
6230,17
6230,30
6231,13
6231,17
6232,11
6232,17
6233,5
6234,5
6235,5
6236,5
6237,5
6238,5
6239,5
6240,5
6241,5
6242,5
6243,1
6243,8
6244,8
6244,17
6245,1
6245,17
6245,23
6246,8
6246,30
6247,7
6247,42
6248,19
6249,9
6249,35
6249,36
6250,11
6250,23
6251,9
6251,34
6251,35
6252,4
6252,12
6252,24
6253,7
6253,8
6253,13
6254,13
6254,16
6254,17
6255,11
6256,8
6256,13
6256,25
6257,19
6258,11
6258,17
6259,8
6259,17
6260,5
6260,11
6260,17
6261,12
6262,18
6262,20
6262,26
6263,9
6263,26
6263,35
6264,18
6264,26
6264,34
6265,8
6265,10
6266,8
6267,8
6267,13
6267,17
6268,8
6268,17
6269,13
6269,25
6270,5
6270,8
6271,11
6272,11
6272,17
6273,11
6273,21
6273,23
6274,18
6274,26
6274,35
6275,9
6275,18
6275,35
6276,13
6276,17
6276,25
6277,11
6277,17
6277,30
6278,26
6278,35
6279,13
6279,16
6279,17
6280,19
6281,16
6281,42
6282,5
6282,13
6283,5
6284,8
6284,17
6284,30
6285,13
6285,17
6285,25
6286,8
6286,17
6287,11
6288,13
6288,17
6288,25
6289,8
6289,17
6289,25
6290,3
6290,19
6291,11
6291,17
6291,30
6292,13
6292,16
6292,17
6293,18
6293,34
6294,18
6294,26
6294,35
6295,8
6295,17
6295,25
6296,5
6297,13
6297,17
6297,42
6298,15
6298,17
6298,42
6299,13
6299,16
6299,17
6300,19
6300,34
6301,8
6302,8
6303,4
6303,18
6303,24
6304,5
6304,8
6305,1
6306,11
6307,5
6307,8
6308,11
6308,23
6309,31
6310,13
6310,16
6310,17
6311,11
6311,14
6312,13
6312,17
6313,13
6313,17
6313,21
6314,8
6314,16
6314,17
6315,8
6315,13
6315,16
6316,1
6316,8
6316,17
6317,18
6317,35
6317,36
6318,9
6318,18
6318,35
6319,8
6319,13
6319,17
6320,13
6321,1
6321,13
6322,9
6322,18
6322,35
6323,11
6323,17
6324,1
6324,27
6325,1
6326,13
6326,16
6327,13
6327,17
6327,42
6328,11
6329,42
6330,13
6330,16
6330,23
6331,13
6331,30
6332,5
6333,8
6333,16
6333,17
6334,18
6334,35
6334,38
6335,1
6335,17
6336,13
6337,13
6337,16
6337,17
6338,8
6338,13
6338,16
6339,8
6340,4
6340,12
6340,28
6341,16
6341,42
6342,1
6342,8
6343,13
6343,16
6343,25
6344,11
6345,11
6346,39
6347,5
6348,11
6349,7
6349,13
6349,17
6350,11
6350,17
6350,30
6351,11
6352,13
6352,16
6352,27
6353,5
6353,8
6354,11
6355,8
6355,17
6356,24
6357,1
6357,7
6357,13
6358,1
6358,13
6358,17
6359,24
6360,4
6360,34
6361,11
6361,30
6362,11
6362,17
6363,4
6363,12
6363,18
6364,13
6364,16
6364,42
6365,5
6366,8
6366,25
6367,12
6367,28
6368,13
6368,25
6368,30
6369,5
6369,8
6370,9
6370,12
6371,8
6371,16
6372,24
6373,11
6373,17
6373,21
6374,13
6374,30
6375,16
6375,42
6376,8
6377,18
6377,24
6378,13
6378,42
6379,1
6379,17
6380,34
6381,5
6381,8
6382,5
6382,8
6383,5
6383,8
6384,18
6384,35
6385,1
6385,17
6386,11
6386,17
6387,16
6387,42
6388,19
6389,13
6389,25
6390,11
6391,13
6391,16
6391,17
6392,4
6392,34
6393,1
6393,16
6394,7
6394,13
6394,25
6395,13
6395,16
6395,17
6396,15
6396,42
6397,4
6397,18
6397,24
6398,13
6398,17
6398,30
6399,8
6399,17
6399,25
6400,18
6400,20
6400,26
6401,8
6401,13
6401,17
6402,13
6402,17
6403,19
6404,5
6405,5
6406,18
6406,29
6406,35
6407,9
6407,26
6407,29
6408,8
6408,13
6409,5
6409,8
6409,13
6410,12
6411,13
6411,16
6412,18
6412,20
6412,26
6413,8
6413,25
6414,10
6414,15
6415,9
6415,18
6415,35
6416,11
6417,8
6417,13
6417,17
6418,13
6418,17
6419,19
6420,13
6420,17
6421,13
6421,21
6421,25
6422,7
6422,10
6422,15
6423,15
6423,27
6423,42
6424,8
6425,3
6425,9
6425,40
6426,1
6427,1
6427,13
6427,17
6428,1
6428,13
6428,17
6429,18
6429,26
6429,34
6430,7
6430,13
6431,11
6432,5
6432,8
6433,11
6433,17
6434,1
6434,17
6434,42
6435,11
6435,17
6436,13
6437,13
6437,14
6437,17
6438,8
6438,13
6438,17
6439,8
6439,17
6439,25
6440,8
6440,13
6440,17
6441,11
6441,17
6442,13
6443,13
6443,17
6443,25
6444,13
6445,5
6445,8
6446,1
6446,8
6447,5
6447,7
6448,8
6448,17
6448,23
6449,8
6449,10
6449,13
6450,12
6450,24
6450,28
6451,1
6451,13
6451,17
6452,11
6452,23
6453,13
6453,16
6453,17
6454,18
6454,24
6455,6
6455,34
6456,18
6456,20
6456,24
6457,15
6457,42
6458,4
6458,34
6459,4
6459,18
6459,26
6460,22
6461,5
6462,22
6463,5
6464,8
6464,17
6465,5
6465,8
6466,8
6466,13
6466,17
6467,10
6467,15
6468,39
6469,1
6469,17
6470,31
6471,13
6471,16
6471,17
6472,5
6472,7
6472,8
6473,16
6473,42
6474,11
6474,23
6475,8
6475,14
6475,25
6476,12
6477,8
6477,25
6478,5
6478,13
6478,25
6479,5
6479,8
6480,5
6480,8
6480,13
6481,13
6481,17
6481,42
6482,19
6483,8
6483,17
6484,7
6484,8
6484,17
6485,1
6485,15
6485,27
6486,4
6486,12
6486,28
6487,13
6487,16
6487,17
6488,13
6488,17
6488,42
6489,4
6489,12
6490,11
6490,23
6491,1
6491,27
6492,13
6493,8
6494,12
6494,18
6495,1
6495,7
6496,8
6496,27
6497,4
6497,9
6497,12
6498,11
6498,23
6499,13
6499,42
6500,1
6500,10
6500,13
6501,13
6501,17
6502,1
6502,15
6502,27
6503,18
6503,26
6503,35
6504,18
6504,26
6504,35
6505,18
6505,26
6505,34
6506,18
6506,26
6506,35
6507,18
6507,26
6507,34
6508,18
6508,26
6508,35
6509,13
6509,30
6510,1
6510,8
6511,8
6511,16
6511,17
6512,9
6512,12
6513,9
6513,12
6514,8
6514,13
6514,16
6515,13
6515,16
6515,17
6516,13
6516,17
6517,13
6517,42
6518,32
6518,34
6519,18
6519,34
6520,11
6521,1
6521,13
6521,17
6522,13
6522,42
6523,12
6523,34
6524,11
6524,17
6524,30
6525,13
6525,16
6525,21
6526,15
6526,17
6526,42
6527,11
6527,30
6528,13
6528,17
6528,42
6529,1
6529,13
6529,16
6530,13
6530,17
6531,24
6532,7
6532,13
6533,5
6533,8
6534,11
6534,17
6535,5
6536,13
6536,42
6537,9
6537,12
6537,18
6538,11
6538,14
6538,23
6539,13
6539,16
6540,8
6540,13
6540,16
6541,9
6541,18
6541,33
6542,1
6542,17
6542,25
6543,15
6544,11
6545,1
6545,13
6545,17
6546,15
6546,17
6547,13
6548,4
6548,6
6548,34
6549,5
6549,8
6550,13
6550,16
6550,21
6551,1
6551,15
6551,17
6552,13
6552,17
6553,13
6553,16
6553,17
6554,13
6554,16
6554,21
6555,18
6555,26
6555,35
6556,13
6556,17
6557,13
6557,16
6557,17
6558,9
6558,18
6558,29
6559,4
6559,12
6560,11
6560,23
6561,1
6562,13
6562,16
6562,25
6563,13
6563,17
6563,42
6564,13
6564,42
6565,13
6565,17
6565,42
6566,15
6566,17
6566,42
6567,18
6567,36
6567,40
6568,13
6568,17
6569,7
6569,13
6569,16
6570,9
6570,18
6570,35
6571,18
6571,35
6572,13
6572,16
6573,8
6573,17
6574,11
6575,8
6576,16
6576,17
6576,42
6577,13
6577,42
6578,8
6578,13
6578,16
6579,8
6579,13
6579,16
6580,5
6580,8
6581,8
6581,25
6582,8
6583,15
6584,17
6584,30
6585,9
6585,12
6586,9
6586,18
6586,35
6587,17
6587,42
6588,11
6589,15
6589,42
6590,11
6590,17
6591,1
6592,31
6593,13
6593,42
6594,15
6594,42
6595,1
6595,17
6596,42
6597,42
6598,13
6598,17
6599,15
6599,27
6599,42
6600,18
6601,13
6601,17
6602,9
6602,35
6602,37
6603,1
6603,8
6603,17
6604,1
6604,17
6604,27
6605,11
6606,11
6606,17
6607,13
6607,17
6608,1
6609,13
6609,17
6609,23
6610,32
6611,8
6612,12
6612,28
6613,1
6613,17
6614,11
6615,42
6616,1
6616,17
6616,27
6617,4
6617,24
6618,7
6618,13
6618,25
6619,13
6619,42
6620,5
6621,5
6621,13
6622,17
6622,42
6623,8
6623,16
6624,8
6625,15
6626,1
6626,11
6626,17
6627,1
6627,11
6627,17
6628,1
6628,11
6628,17
6629,15
6629,17
6630,11
6630,17
6631,8
6631,13
6631,16
6632,13
6632,42
6633,1
6633,15
6633,27
6634,24
6634,28
6635,1
6635,8
6635,17
6636,13
6636,14
6637,11
6638,5
6638,8
6639,5
6639,8
6640,1
6640,27
6641,1
6641,27
6642,1
6642,27
6643,1
6643,27
6644,5
6645,26
6645,34
6645,35
6646,11
6647,11
6647,17
6647,21
6648,11
6648,17
6649,13
6650,9
6650,12
6651,9
6651,18
6651,29
6652,13
6652,16
6652,17
6653,1
6653,13
6653,17
6654,8
6655,11
6656,5
6656,27
6657,19
6658,4
6658,12
6658,28
6659,4
6659,12
6659,28
6660,13
6661,8
6661,25
6662,18
6662,26
6662,34
6663,13
6663,25
6664,31
6665,13
6665,17
6665,25
6666,13
6666,17
6667,13
6667,16
6667,17
6668,13
6668,17
6668,42
6669,1
6670,18
6670,26
6670,29
6671,9
6671,18
6671,29
6672,9
6672,18
6672,29
6673,6
6673,19
6673,29
6674,11
6674,17
6675,26
6675,29
6675,35
6676,11
6676,17
6677,18
6677,29
6677,34
6678,5
6678,11
6678,17
6679,17
6679,27
6680,11
6681,13
6681,27
6682,11
6682,17
6683,11
6683,17
6684,11
6684,17
6685,11
6686,15
6686,42
6687,13
6687,17
6688,13
6688,17
6688,23
6689,24
6690,11
6690,17
6691,8
6691,25
6692,18
6692,29
6692,34
6693,13
6693,16
6693,17
6694,4
6694,9
6694,12
6695,1
6696,9
6696,29
6696,35
6697,16
6697,42
6698,11
6699,13
6699,16
6699,25
6700,1
6700,7
6701,13
6701,25
6701,27
6702,1
6702,13
6702,27
6703,8
6703,13
6703,16
6704,8
6704,10
6704,17
6705,13
6705,17
6705,25
6706,17
6706,23
6706,42
6707,13
6707,17
6707,21
6708,18
6709,5
6709,8
6709,14
6710,15
6710,27
6711,13
6711,16
6711,42
6712,13
6712,17
6712,42
6713,4
6713,12
6713,18
6714,8
6714,27
6715,13
6715,16
6715,17
6716,18
6716,26
6716,34
6717,18
6717,35
6718,1
6719,11
6719,17
6720,8
6720,25
6721,1
6722,1
6722,13
6722,16
6723,4
6723,34
6724,8
6724,17
6725,8
6725,17
6725,25
6726,8
6726,17
6727,9
6727,18
6727,35
6728,8
6728,25
6729,13
6729,16
6730,3
6730,18
6731,4
6731,9
6731,12
6732,1
6732,13
6732,17
6733,8
6734,42
6735,13
6735,16
6735,17
6736,11
6736,17
6737,42
6738,13
6738,16
6738,17
6739,8
6739,17
6740,9
6740,18
6740,33
6741,4
6741,9
6741,35
6742,8
6742,10
6742,13
6743,18
6743,36
6743,40
6744,11
6745,7
6745,13
6745,23
6746,13
6746,17
6747,5
6747,8
6748,11
6749,9
6749,18
6749,33
6750,11
6751,13
6751,17
6752,10
6752,15
6752,42
6753,15
6753,42
6754,15
6755,11
6755,17
6756,13
6756,16
6756,17
6757,8
6757,25
6758,1
6759,15
6759,17
6760,11
6760,30
6761,11
6762,18
6762,24
6763,11
6763,17
6763,30
6764,1
6764,17
6765,24
6766,13
6767,8
6767,17
6768,13
6768,16
6768,23
6769,19
6769,20
6770,1
6770,17
6771,11
6771,17
6772,12
6772,28
6773,18
6773,35
6774,11
6774,14
6774,17
6775,13
6776,11
6777,13
6777,17
6778,8
6779,11
6780,5
6781,24
6782,11
6782,17
6782,21
6783,1
6783,7
6783,27
6784,4
6784,12
6784,28
6785,11
6785,17
6785,30
6786,11
6786,17
6786,30
6787,18
6787,35
6788,11
6789,8
6789,25
6790,9
6790,18
6790,29
6791,7
6791,8
6791,17
6792,13
6792,42
6793,8
6793,13
6793,16
6794,8
6794,13
6794,16
6795,5
6795,8
6796,5
6796,13
6797,11
6798,8
6798,17
6799,13
6799,16
6800,13
6800,14
6801,12
6801,24
6802,15
6803,15
6803,17
6804,5
6804,8
6804,13
6805,1
6805,17
6806,11
6806,17
6806,30
6807,4
6807,12
6807,18
6808,22
6809,22
6810,13
6810,16
6811,5
6811,13
6811,30
6812,11
6813,1
6813,13
6813,17
6814,13
6814,42
6815,5
6815,8
6816,13
6816,16
6816,17
6817,18
6817,35
6818,13
6818,17
6819,33
6819,34
6820,13
6820,17
6820,25
6821,18
6821,34
6821,35
6822,18
6822,32
6822,34
6823,13
6824,3
6824,18
6825,5
6825,13
6825,30
6826,5
6826,13
6826,30
6827,15
6827,42
6828,13
6828,17
6829,13
6830,11
6830,21
6831,4
6831,12
6831,18
6832,4
6832,12
6832,18
6833,9
6833,18
6833,26
6834,5
6834,8
6835,19
6835,34
6836,8
6836,23
6837,5
6837,8
6838,9
6838,34
6838,35
6839,1
6839,8
6840,8
6840,25
6841,1
6841,13
6841,17
6842,15
6843,1
6843,2
6843,17
6844,1
6844,27
6845,1
6845,2
6845,17
6846,24
6847,1
6847,2
6847,17
6848,1
6848,13
6848,17
6849,13
6849,17
6850,7
6850,8
6850,23
6851,13
6851,16
6852,8
6852,17
6853,11
6853,30
6854,18
6854,35
6855,5
6855,13
6855,14
6856,11
6857,1
6857,17
6858,13
6858,14
6859,13
6859,14
6860,13
6860,16
6860,17
6861,7
6861,8
6861,17
6862,17
6862,27
6863,1
6864,13
6865,19
6866,42
6867,8
6867,17
6868,9
6868,18
6868,35
6869,16
6870,18
6870,35
6870,40
6871,8
6871,16
6872,13
6873,8
6873,13
6873,16
6874,13
6874,17
6875,13
6876,1
6876,42
6877,7
6877,13
6878,13
6878,16
6879,8
6879,30
6880,5
6880,8
6881,8
6881,13
6881,17
6882,35
6882,41
6883,15
6883,42
6884,13
6884,16
6884,17
6885,13
6886,4
6886,18
6886,24
6887,18
6887,26
6887,29
6888,8
6888,17
6888,23
6889,8
6889,16
6890,7
6890,8
6890,23
6891,4
6891,18
6891,24
6892,12
6892,28
6893,15
6893,42
6894,8
6894,16
6894,17
6895,11
6896,11
6896,21
6897,11
6897,17
6897,30
6898,11
6898,17
6899,8
6899,17
6900,8
6900,17
6901,8
6901,17
6902,18
6902,34
6903,8
6903,13
6903,17
6904,8
6904,17
6904,25
6905,5
6905,8
6905,23
6906,1
6906,2
6906,27
6907,1
6907,27
6908,13
6908,17
6908,23
6909,1
6909,13
6910,8
6910,17
6911,42
6912,11
6913,36
6913,37
6913,40
6914,17
6914,23
6915,18
6915,26
6915,34
6916,15
6916,16
6917,8
6917,17
6917,25
6918,4
6918,9
6918,18
6919,34
6919,35
6920,13
6920,16
6921,1
6921,17
6921,27
6922,11
6922,30
6923,8
6923,10
6924,8
6924,10
6925,11
6926,4
6926,9
6926,12
6927,5
6927,8
6928,19
6928,34
6929,11
6929,30
6930,11
6931,34
6931,35
6932,1
6932,8
6932,13
6933,18
6933,26
6933,35
6934,11
6934,15
6935,15
6935,16
6936,11
6936,17
6937,6
6937,36
6937,37
6938,15
6938,42
6939,1
6940,11
6941,15
6941,42
6942,15
6942,16
6943,13
6943,16
6943,21
6944,11
6945,8
6945,25
6946,42
6947,18
6947,24
6948,5
6949,36
6949,37
6949,38
6950,1
6950,8
6950,16
6951,9
6951,33
6952,13
6952,16
6953,1
6953,10
6953,27
6954,13
6954,25
6954,27
6955,13
6956,1
6956,8
6956,13
6957,15
6958,1
6958,17
6959,18
6959,35
6960,1
6961,18
6961,20
6961,24
6962,15
6962,17
6962,42
6963,17
6963,42
6964,11
6964,17
6964,23
6965,24
6966,35
6967,4
6967,9
6967,18
6968,11
6969,15
6969,17
6969,42
6970,9
6970,18
6970,29
6971,13
6971,17
6972,4
6972,12
6973,8
6973,25
6974,11
6974,30
6975,11
6975,17
6976,13
6976,17
6976,25
6977,19
6978,8
6978,13
6978,17
6979,13
6979,17
6979,21
6980,8
6980,15
6981,11
6982,8
6982,14
6982,17
6983,8
6983,14
6983,17
6984,13
6984,17
6985,13
6985,16
6985,17
6986,13
6986,25
6987,13
6988,5
6988,8
6989,5
6989,8
6989,13
6990,13
6991,11
6991,17
6991,30
6992,18
6992,26
6992,35
6993,13
6993,15
6993,27
6994,4
6994,12
6994,18
6995,15
6995,17
6996,11
6996,17
6997,11
6997,17
6998,13
6999,8
7000,8
7000,16
7001,8
7001,30
7002,9
7002,18
7002,35
7003,7
7003,13
7003,17
7004,5
7004,8
7005,15
7005,42
7006,11
7007,8
7007,16
7007,17
7008,11
7008,23
7009,5
7009,8
7010,8
7011,8
7012,11
7012,17
7013,4
7013,18
7013,24
7014,13
7014,25
7015,11
7016,13
7016,17
7017,1
7017,27
7018,13
7018,17
7018,23
7019,17
7019,23
7019,25
7020,18
7020,26
7020,35
7021,15
7021,16
7021,17
7022,1
7023,1
7023,16
7024,4
7024,12
7025,19
7026,8
7026,16
7026,21
7027,8
7027,16
7027,21
7028,13
7028,16
7028,23
7029,18
7029,20
7029,24
7030,15
7030,17
7030,42
7031,13
7031,16
7031,17
7032,11
7032,30
7033,11
7034,11
7035,18
7035,29
7035,34
7036,8
7036,13
7036,17
7037,11
7037,17
7038,1
7039,1
7039,13
7040,8
7041,5
7041,11
7042,8
7042,17
7042,25
7043,13
7043,16
7044,8
7044,13
7044,16
7045,13
7045,14
7045,25
7046,34
7047,11
7047,17
7047,30
7048,1
7048,17
7048,27
7049,8
7049,17
7049,25
7050,24
7050,34
7051,5
7052,31
7053,5
7053,8
7053,27
7054,13
7054,17
7054,25
7055,18
7055,26
7055,34
7056,1
7056,13
7057,15
7057,17
7057,42
7058,13
7058,17
7058,25
7059,1
7059,27
7060,13
7060,17
7060,25
7061,42
7062,11
7063,5
7063,8
7064,13
7064,16
7064,17
7065,4
7065,12
7065,28
7066,1
7066,5
7066,27
7067,1
7067,5
7067,7
7068,1
7068,5
7068,7
7069,1
7069,5
7069,7
7070,13
7070,42
7071,11
7072,11
7072,17
7073,1
7074,1
7074,5
7074,27
7075,1
7075,13
7075,17
7076,4
7076,12
7076,18
7077,9
7077,12
7078,12
7078,18
7079,24
7080,8
7080,13
7080,17
7081,9
7081,35
7082,8
7083,13
7083,17
7083,27
7084,1
7084,2
7084,17
7085,1
7085,2
7085,17
7086,1
7086,2
7086,17
7087,13
7087,30
7088,11
7089,13
7089,16
7089,17
7090,13
7090,16
7090,17
7091,8
7091,13
7091,17
7092,11
7092,30
7093,5
7093,27
7094,19
7095,13
7095,17
7095,25
7096,12
7096,18
7096,28
7097,18
7097,20
7097,32
7098,13
7098,17
7098,23
7099,5
7099,8
7100,8
7100,17
7100,23
7101,8
7101,17
7101,25
7102,8
7102,17
7102,23
7103,11
7103,30
7104,5
7105,13
7105,17
7105,25
7106,5
7106,23
7107,11
7107,30
7108,9
7108,18
7108,35
7109,13
7109,42
7110,8
7110,13
7110,17
7111,13
7111,17
7112,22
7113,13
7113,16
7113,17
7114,13
7114,16
7114,17
7115,8
7115,13
7115,17
7116,18
7116,32
7117,8
7117,10
7118,13
7118,17
7118,25
7119,24
7120,11
7121,6
7121,33
7121,35
7122,13
7122,23
7123,11
7123,14
7124,11
7124,21
7125,18
7125,35
7126,11
7126,23
7127,19
7128,11
7129,1
7129,13
7129,17
7130,11
7130,17
7130,23
7131,11
7131,17
7132,1
7132,27
7133,17
7133,42
7134,11
7134,23
7135,13
7135,16
7135,27
7136,4
7136,35
7136,38
7137,1
7137,17
7138,18
7138,29
7138,35
7139,18
7139,29
7139,35
7140,8
7140,17
7140,25
7141,5
7141,8
7142,11
7143,8
7143,13
7144,19
7145,8
7145,25
7146,8
7146,13
7146,16
7147,1
7147,27
7148,8
7148,25
7149,1
7149,8
7149,17
7150,11
7150,23
7151,3
7151,9
7151,18
7152,1
7152,13
7153,9
7153,18
7153,33
7154,13
7154,17
7155,13
7155,17
7155,25
7156,1
7156,13
7156,17
7157,13
7157,17
7158,1
7158,13
7158,17
7159,13
7159,17
7159,25
7160,5
7160,13
7161,13
7161,17
7161,23
7162,42
7163,13
7163,16
7163,17
7164,15
7164,17
7164,42
7165,17
7165,23
7165,25
7166,8
7166,25
7167,8
7167,13
7167,16
7168,31
7169,13
7169,17
7170,8
7170,13
7170,17
7171,12
7172,12
7173,12
7174,31
7175,31
7176,31
7177,11
7177,21
7178,9
7178,18
7178,26
7179,1
7179,13
7179,17
7180,9
7180,18
7180,34
7181,18
7181,35
7182,8
7182,13
7182,17
7183,9
7183,18
7183,35
7184,7
7184,8
7184,13
7185,8
7185,17
7185,23
7186,13
7186,16
7186,17
7187,1
7188,1
7189,8
7189,16
7189,25
7190,13
7190,17
7190,30
7191,1
7191,13
7191,17
7192,1
7193,1
7194,1
7194,16
7194,27
7195,11
7195,17
7196,1
7197,1
7197,13
7197,16
7198,8
7198,10
7198,15
7199,1
7199,8
7199,25
7200,1
7200,13
7200,17
7201,13
7201,16
7201,42
7202,13
7202,16
7203,1
7203,8
7204,4
7204,12
7204,28
7205,8
7205,10
7205,30
7206,13
7207,8
7207,17
7208,42
7209,18
7209,26
7209,35
7210,4
7210,18
7210,24
7211,8
7211,15
7211,17
7212,3
7212,18
7213,15
7213,42
7214,7
7214,11
7215,27
7215,42
7216,11
7217,12
7217,18
7218,1
7218,13
7218,17
7219,17
7219,25
7220,8
7220,17
7220,42
7221,5
7222,5
7223,5
7224,5
7225,5
7226,5
7227,5
7228,5
7229,13
7229,16
7230,19
7231,15
7232,8
7232,13
7233,13
7233,16
7233,17
7234,1
7234,8
7234,10
7235,5
7235,8
7236,5
7236,8
7237,1
7237,8
7237,17
7238,13
7238,17
7238,25
7239,11
7239,23
7240,18
7240,26
7240,35
7241,8
7241,13
7241,17
7242,13
7242,17
7242,25
7243,23
7244,17
7244,25
7245,8
7245,17
7246,11
7247,7
7247,13
7247,23
7248,8
7248,17
7249,18
7249,35
7250,9
7250,18
7250,29
7251,6
7251,9
7251,18
7252,9
7252,18
7252,29
7253,13
7253,17
7253,42
7254,15
7254,17
7255,1
7256,27
7256,42
7257,8
7257,16
7258,18
7258,29
7258,35
7259,13
7259,17
7260,4
7260,18
7260,35
7261,1
7262,9
7262,18
7262,20
7263,13
7263,16
7263,21
7264,1
7265,13
7265,16
7265,25
7266,11
7266,17
7266,30
7267,11
7267,17
7268,8
7268,25
7269,5
7270,22
7271,22
7272,5
7273,4
7273,19
7274,8
7274,15
7274,17
7275,1
7275,14
7275,27
7276,5
7277,1
7277,17
7277,27
7278,1
7278,10
7278,17
7279,12
7280,1
7280,15
7280,27
7281,19
7282,19
7283,11
7283,17
7284,1
7284,5
7285,19
7286,5
7286,8
7287,11
7287,17
7287,30
7288,7
7288,11
7289,18
7289,26
7289,34
7290,8
7290,21
7291,24
7292,8
7292,15
7292,16
7293,11
7293,21
7294,4
7294,12
7294,28
7295,4
7295,12
7295,28
7296,15
7296,16
7296,42
7297,1
7297,17
7298,13
7298,14
7299,7
7299,13
7299,17
7300,13
7300,42
7301,4
7301,34
7302,13
7303,1
7303,17
7304,11
7304,23
7305,1
7305,17
7305,25
7306,19
7306,34
7307,5
7307,8
7308,5
7308,8
7309,13
7309,16
7310,8
7311,5
7311,8
7312,5
7312,8
7313,5
7313,8
7314,8
7314,13
7314,16
7315,19
7315,34
7316,42
7317,11
7318,9
7318,12
7318,18
7319,9
7319,18
7319,26
7320,1
7320,8
7320,16
7321,13
7321,16
7322,1
7322,17
7322,27
7323,13
7323,16
7323,17
7324,1
7324,7
7324,10
7325,19
7326,7
7326,13
7326,25
7327,4
7327,9
7327,18
7328,11
7328,17
7328,23
7329,1
7329,8
7329,17
7330,8
7330,17
7331,13
7331,17
7331,30
7332,18
7332,29
7332,34
7333,11
7333,17
7334,9
7334,12
7334,18
7335,11
7335,30
7336,35
7336,36
7336,37
7337,18
7337,26
7337,34
7338,8
7338,25
7339,8
7339,13
7339,17
7340,8
7340,17
7340,25
7341,1
7341,8
7341,17
7342,18
7342,20
7342,26
7343,18
7343,34
7343,35
7344,13
7344,42
7345,8
7345,17
7345,25
7346,8
7346,17
7346,25
7347,4
7347,18
7347,24
7348,8
7348,17
7348,25
7349,11
7350,13
7350,16
7350,21
7351,13
7351,17
7352,11
7352,17
7352,30
7353,18
7353,26
7353,34
7354,13
7354,17
7354,25
7355,15
7355,17
7355,42
7356,8
7356,17
7356,30
7357,17
7357,42
7358,13
7358,17
7359,8
7360,15
7360,17
7361,1
7361,7
7361,10
7362,35
7363,8
7364,10
7364,15
7365,13
7365,17
7366,13
7366,16
7366,17
7367,11
7368,17
7368,42
7369,19
7369,34
7370,3
7370,18
7371,5
7372,1
7372,11
7372,17
7373,5
7373,11
7373,17
7374,1
7374,13
7374,17
7375,18
7375,33
7375,38
7376,18
7376,33
7376,38
7377,18
7377,34
7378,8
7378,17
7379,18
7379,26
7379,35
7380,8
7380,17
7380,23
7381,13
7381,17
7381,23
7382,13
7382,17
7383,15
7384,1
7384,13
7385,8
7385,17
7385,25
7386,18
7386,24
7386,33
7387,13
7387,16
7387,17
7388,13
7388,17
7388,25
7389,13
7389,16
7390,13
7390,16
7391,8
7391,16
7391,25
7392,11
7392,17
7393,8
7393,13
7393,17
7394,13
7394,16
7394,17
7395,13
7395,16
7395,17
7396,15
7396,42
7397,1
7398,12
7399,22
7400,13
7400,16
7400,17
7401,24
7401,26
7402,12
7402,28
7402,35
7403,1
7403,17
7404,31
7405,11
7405,14
7406,11
7406,17
7407,11
7407,30
7408,1
7408,27
7409,2
7409,5
7410,5
7410,23
7411,4
7411,18
7411,24
7412,13
7412,16
7412,17
7413,1
7413,17
7414,13
7414,16
7414,17
7415,8
7415,13
7415,17
7416,13
7416,16
7417,13
7417,17
7418,8
7418,17
7418,23
7419,11
7420,11
7421,8
7421,17
7421,25
7422,8
7422,13
7422,17
7423,13
7423,16
7423,42
7424,7
7424,13
7424,16
7425,13
7426,15
7426,17
7426,42
7427,11
7428,4
7428,12
7428,18
7429,24
7430,13
7430,17
7430,25
7431,18
7431,26
7431,34
7432,8
7432,13
7432,16
7433,13
7433,17
7433,42
7434,11
7435,1
7435,8
7435,27
7436,1
7436,8
7436,27
7437,13
7437,16
7438,1
7438,13
7438,17
7439,18
7439,35
7440,18
7440,35
7440,41
7441,8
7441,17
7442,18
7442,24
7442,29
7443,8
7443,17
7443,27
7444,1
7444,13
7444,17
7445,5
7445,8
7446,18
7446,32
7446,34
7447,1
7447,27
7448,19
7449,13
7449,16
7449,21
7450,19
7451,13
7451,17
7452,24
7453,5
7453,13
7453,30
7454,5
7454,8
7455,13
7455,17
7455,23
7456,9
7456,18
7456,29
7457,2
7458,13
7458,17
7459,25
7460,11
7461,18
7461,26
7461,34
7462,11
7462,23
7463,13
7463,16
7464,11
7465,1
7465,13
7466,8
7466,17
7466,25
7467,13
7467,16
7468,13
7468,16
7468,17
7469,1
7469,15
7469,16
7470,13
7470,16
7470,42
7471,13
7471,17
7472,13
7473,18
7473,20
7473,26
7474,13
7475,42
7476,4
7476,18
7476,24
7477,1
7477,8
7478,4
7478,12
7478,28
7479,5
7479,8
7480,8
7480,17
7481,5
7482,5
7483,5
7483,23
7484,5
7485,5
7486,5
7487,5
7488,5
7489,5
7490,5
7491,5
7492,5
7493,5
7494,5
7495,19
7496,8
7496,25
7497,4
7497,12
7497,18
7498,4
7498,12
7498,18
7499,13
7499,16
7499,27
7500,13
7500,16
7500,21
7501,1
7501,8
7501,17
7502,13
7502,16
7502,17
7503,13
7503,16
7503,17
7504,11
7505,13
7505,17
7506,5
7506,8
7507,1
7507,11
7507,17
7508,8
7509,13
7510,8
7510,25
7511,11
7511,17
7512,8
7512,13
7512,17
7513,8
7514,19
7514,34
7515,8
7515,17
7516,13
7516,16
7517,8
7517,17
7517,25
7518,5
7519,5
7519,8
7520,8
7520,10
7520,15
7521,9
7521,12
7522,19
7522,34
7523,1
7523,7
7523,13
7524,5
7524,8
7525,13
7525,16
7525,17
7526,13
7526,14
7527,8
7527,17
7528,8
7528,16
7529,8
7529,25
7530,13
7531,4
7531,18
7531,24
7532,8
7532,13
7532,17
7533,18
7533,32
7534,5
7534,8
7535,5
7535,8
7536,8
7536,13
7536,17
7537,1
7537,8
7537,17
7538,11
7539,13
7540,4
7540,12
7541,1
7541,13
7541,17
7542,13
7542,25
7543,8
7543,17
7544,34
7544,38
7545,15
7545,17
7546,8
7546,30
7547,11
7547,17
7548,15
7549,11
7550,1
7550,8
7550,17
7551,13
7551,16
7552,1
7552,2
7552,17
7553,31
7554,11
7555,1
7555,8
7555,16
7556,11
7557,1
7557,5
7558,13
7558,17
7559,8
7560,13
7560,16
7561,12
7561,28
7562,12
7562,28
7563,11
7564,4
7564,12
7564,28
7565,4
7565,12
7565,28
7566,4
7566,12
7566,28
7567,4
7567,12
7567,28
7568,7
7568,11
7569,12
7570,13
7570,17
7571,13
7571,14
7572,5
7572,8
7573,11
7574,1
7574,27
7575,1
7575,13
7575,17
7576,13
7576,16
7577,13
7577,16
7577,42
7578,13
7578,16
7578,42
7579,4
7579,18
7579,24
7580,13
7580,25
7581,3
7581,19
7582,19
7582,34
7583,8
7583,17
7584,8
7584,13
7584,17
7585,8
7585,25
7586,18
7586,35
7586,40
7587,5
7588,5
7589,5
7589,8
7590,4
7590,26
7590,35
7591,11
7592,5
7592,11
7593,11
7594,11
7595,11
7596,11
7597,11
7598,11
7599,11
7600,11
7601,11
7602,11
7603,11
7604,11
7605,11
7606,11
7607,11
7608,11
7609,11
7610,11
7611,22
7612,13
7612,42
7613,13
7614,11
7614,23
7615,13
7616,9
7616,18
7616,35
7617,12
7617,18
7617,29
7618,11
7618,17
7619,11
7619,17
7619,23
7620,3
7620,9
7621,34
7621,35
7622,4
7622,9
7622,12
7623,13
7623,16
7623,17
7624,13
7624,16
7624,17
7625,18
7625,26
7625,35
7626,11
7626,17
7626,23
7627,8
7627,13
7627,16
7628,11
7628,17
7629,1
7629,27
7630,1
7630,7
7630,8
7631,1
7631,8
7632,1
7632,8
7633,9
7633,18
7633,35
7634,8
7634,17
7635,1
7636,8
7636,15
7636,17
7637,8
7637,15
7637,17
7638,8
7638,15
7638,17
7639,19
7639,33
7639,38
7640,11
7641,12
7642,19
7643,8
7643,17
7643,25
7644,1
7644,17
7645,11
7645,14
7646,13
7646,17
7647,11
7647,23
7648,11
7648,23
7649,11
7649,23
7650,11
7650,23
7651,13
7651,17
7652,1
7652,7
7652,17
7653,13
7653,17
7653,25
7654,11
7654,23
7655,11
7655,17
7655,23
7656,13
7657,11
7658,13
7658,17
7658,23
7659,12
7659,28
7660,10
7660,16
7660,42
7661,11
7661,17
7662,5
7662,8
7663,1
7663,13
7663,17
7664,4
7664,24
7665,1
7665,17
7666,11
7667,4
7667,19
7667,34
7668,18
7668,20
7668,26
7669,1
7669,17
7670,8
7670,13
7670,16
7671,1
7671,17
7672,12
7673,8
7673,13
7673,17
7674,13
7674,16
7674,17
7675,13
7675,17
7676,11
7676,17
7677,15
7677,42
7678,8
7678,13
7678,17
7679,1
7680,15
7680,17
7681,8
7681,16
7681,17
7682,19
7682,34
7683,13
7683,25
7684,13
7684,17
7685,11
7685,17
7686,9
7686,34
7687,1
7687,17
7688,1
7688,13
7689,13
7690,13
7690,17
7691,19
7692,11
7692,17
7692,30
7693,13
7693,17
7693,25
7694,42
7695,8
7695,13
7695,17
7696,13
7696,16
7696,25
7697,15
7697,42
7698,12
7699,13
7699,17
7699,25
7700,13
7700,16
7700,17
7701,7
7701,10
7701,11
7702,34
7703,18
7703,26
7703,29
7704,1
7705,13
7705,17
7705,30
7706,11
7707,1
7708,8
7708,17
7708,25
7709,1
7709,8
7710,13
7710,17
7711,24
7712,8
7712,17
7713,8
7713,15
7713,17
7714,6
7714,19
7714,34
7715,22
7716,13
7716,17
7717,5
7717,8
7717,25
7718,35
7718,36
7718,37
7719,13
7719,21
7720,11
7721,42
7722,9
7722,33
7722,35
7723,13
7723,17
7723,42
7724,11
7725,5
7725,8
7726,13
7726,17
7726,42
7727,1
7727,13
7727,17
7728,7
7728,13
7728,21
7729,17
7729,25
7730,15
7730,17
7731,8
7731,17
7731,25
7732,13
7732,16
7732,17
7733,5
7733,11
7734,25
7735,13
7735,16
7735,17
7736,39
7737,13
7737,17
7737,23
7738,13
7738,17
7739,13
7739,16
7739,17
7740,4
7740,12
7740,28
7741,4
7741,12
7741,18
7742,1
7742,27
7743,13
7743,17
7744,1
7744,7
7744,13
7745,13
7746,11
7746,17
7747,11
7747,14
7747,17
7748,1
7748,5
7748,8
7749,34
7750,13
7750,16
7750,25
7751,13
7751,16
7751,21
7752,9
7752,18
7752,35
7753,19
7753,20
7754,19
7755,19
7756,19
7757,19
7758,19
7759,19
7760,19
7761,19
7762,19
7763,19
7764,19
7765,19
7766,19
7767,22
7768,5
7769,22
7770,19
7771,22
7772,19
7773,5
7773,27
7774,22
7775,19
7776,19
7777,19
7778,19
7779,19
7780,5
7781,5
7782,13
7782,16
7782,17
7783,7
7783,11
7784,17
7784,25
7785,11
7786,13
7786,42
7787,8
7787,17
7787,25
7788,19
7788,34
7789,13
7789,16
7789,21
7790,8
7790,25
7791,9
7791,12
7792,11
7793,18
7793,29
7793,34
7794,1
7794,13
7794,17
7795,7
7795,10
7795,13
7796,13
7796,17
7797,1
7798,8
7798,13
7798,17
7799,18
7799,26
7799,35
7800,11
7800,30
7801,18
7801,26
7801,29
7802,1
7803,18
7803,26
7803,34
7804,13
7805,18
7805,32
7805,34
7806,32
7806,34
7807,5
7807,8
7808,18
7808,26
7808,35
7809,5
7810,13
7810,16
7811,11
7811,17
7811,30
7812,13
7812,17
7813,7
7813,13
7813,30
7814,13
7814,17
7815,11
7816,1
7816,8
7816,17
7817,13
7817,17
7817,25
7818,8
7818,13
7818,16
7819,5
7819,8
7820,7
7820,13
7820,17
7821,18
7821,35
7822,13
7822,17
7823,8
7823,13
7823,17
7824,1
7824,15
7824,17
7825,15
7825,17
7825,42
7826,13
7826,17
7826,23
7827,11
7828,18
7828,26
7828,35
7829,13
7829,17
7830,8
7830,17
7830,25
7831,18
7831,26
7831,35
7832,7
7832,13
7833,18
7833,26
7833,29
7834,13
7835,9
7835,35
7835,37
7836,15
7837,1
7837,10
7838,13
7838,17
7839,11
7839,17
7840,11
7841,1
7841,13
7841,17
7842,4
7842,12
7842,18
7843,11
7843,23
7844,1
7844,8
7844,17
7845,1
7845,13
7846,13
7846,25
7847,13
7847,27
7848,9
7848,34
7848,35
7849,1
7849,15
7849,27
7850,11
7850,23
7851,11
7852,1
7852,8
7852,17
7853,13
7853,17
7854,9
7854,18
7854,35
7855,1
7855,13
7855,16
7856,4
7856,19
7857,13
7857,25
7858,13
7858,16
7858,17
7859,18
7859,24
7859,29
7860,13
7860,42
7861,13
7861,17
7862,4
7862,9
7862,35
7863,15
7863,17
7864,18
7864,26
7864,34
7865,13
7865,16
7865,17
7866,13
7866,16
7866,17
7867,13
7867,17
7868,11
7868,17
7869,1
7869,16
7869,17
7870,3
7871,1
7871,7
7871,13
7872,13
7872,30
7873,13
7873,30
7874,13
7874,30
7875,13
7875,30
7876,1
7876,27
7877,13
7877,17
7878,11
7879,11
7880,1
7880,8
7880,23
7881,13
7881,16
7882,8
7882,16
7883,5
7883,16
7884,18
7884,26
7884,41
7885,11
7885,17
7885,23
7886,7
7886,15
7886,42
7887,13
7888,34
7888,35
7889,18
7889,26
7889,29
7890,13
7890,16
7890,17
7891,1
7891,16
7892,1
7892,8
7892,17
7893,8
7893,25
7894,1
7894,17
7894,23
7895,8
7895,25
7896,13
7896,25
7897,42
7898,3
7898,18
7899,5
7899,8
7899,30
7900,12
7900,32
7901,31
7902,13
7902,17
7903,11
7903,17
7904,1
7905,13
7905,16
7905,17
7906,11
7906,17
7907,13
7907,17
7907,25
7908,8
7908,27
7909,13
7909,17
7909,25
7910,18
7910,26
7910,35
7911,11
7911,17
7912,8
7912,16
7912,25
7913,13
7913,17
7914,13
7914,17
7914,25
7915,13
7915,17
7915,23
7916,13
7916,17
7917,13
7917,17
7918,13
7918,17
7919,8
7919,17
7920,1
7920,13
7920,14
7921,5
7922,7
7922,11
7923,8
7923,13
7923,17
7924,7
7924,13
7924,17
7925,5
7925,8
7926,5
7927,13
7927,17
7928,8
7928,17
7928,23
7929,1
7929,8
7929,17
7930,13
7930,17
7931,13
7931,17
7932,13
7932,14
7932,17
7933,11
7933,23
7934,12
7934,18
7935,13
7935,17
7935,23
7936,8
7936,10
7936,13
7937,13
7937,21
7938,1
7938,16
7939,8
7939,17
7939,25
7940,24
7941,8
7941,13
7942,13
7943,8
7943,13
7943,16
7944,5
7945,9
7945,35
7946,7
7946,8
7946,16
7947,8
7947,15
7948,8
7948,15
7949,7
7949,13
7950,8
7950,13
7951,5
7952,1
7952,8
7952,10
7953,15
7954,15
7955,1
7956,5
7956,7
7956,13
7957,11
7957,17
7957,23
7958,1
7958,27
7959,13
7959,17
7959,23
7960,18
7960,20
7960,26
7961,13
7961,42
7962,11
7962,17
7963,11
7963,17
7964,11
7964,17
7965,11
7965,17
7966,11
7966,17
7967,11
7968,11
7969,11
7970,11
7970,17
7971,11
7971,17
7972,8
7972,17
7973,11
7973,17
7973,30
7974,34
7975,13
7975,16
7975,17
7976,18
7976,34
7977,1
7978,8
7978,13
7978,25
7979,8
7979,13
7979,25
7980,13
7980,17
7980,25
7981,8
7981,13
7981,17
7982,13
7983,9
7983,12
7983,18
7984,8
7984,17
7985,35
7986,13
7986,17
7986,42
7987,13
7987,16
7987,17
7988,8
7988,17
7988,23
7989,13
7989,17
7990,15
7991,13
7991,17
7992,11
7993,15
7993,42
7994,4
7994,9
7994,18
7995,1
7995,8
7996,1
7996,13
7996,17
7997,22
7998,22
7999,22
8000,13
8000,17
8001,13
8001,16
8002,5
8002,8
8003,11
8003,23
8004,13
8004,17
8004,42
8005,15
8005,17
8006,13
8006,17
8006,42
8007,19
8008,13
8008,16
8008,17
8009,1
8009,16
8010,15
8011,11
8012,9
8012,18
8012,33
8013,18
8013,29
8013,35
8014,18
8014,29
8014,35
8015,1
8015,13
8015,17
8016,8
8016,17
8016,25
8017,1
8017,13
8017,27
8018,15
8018,17
8019,15
8020,8
8020,13
8020,25
8021,1
8022,24
8023,24
8024,1
8024,8
8025,1
8025,17
8026,11
8026,30
8027,1
8027,27
8028,8
8028,13
8028,16
8029,8
8029,25
8030,13
8030,16
8031,42
8032,24
8033,1
8033,13
8033,17
8034,1
8034,8
8034,27
8035,8
8035,13
8035,16
8036,11
8036,30
8037,8
8038,1
8038,13
8039,8
8039,17
8039,25
8040,11
8041,13
8041,17
8042,8
8042,16
8042,17
8043,1
8043,5
8043,27
8044,1
8044,5
8044,27
8045,1
8045,17
8045,27
8046,13
8046,25
8047,8
8047,25
8048,1
8048,13
8048,16
8049,11
8049,30
8050,18
8050,26
8050,35
8051,13
8051,14
8051,30
8052,15
8052,16
8053,11
8054,19
8055,13
8055,23
8056,33
8056,35
8057,8
8057,13
8057,16
8058,11
8058,30
8059,1
8059,27
8060,1
8060,8
8061,11
8062,19
8063,13
8063,16
8064,8
8064,10
8064,13
8065,13
8065,17
8065,30
8066,5
8066,8
8067,5
8067,8
8068,5
8068,8
8069,1
8069,8
8069,17
8070,15
8070,16
8071,42
8072,1
8073,11
8074,1
8074,5
8074,27
8075,26
8075,35
8075,38
8076,13
8076,16
8076,17
8077,18
8077,34
8077,35
8078,11
8078,17
8079,8
8080,8
8080,17
8081,15
8082,13
8082,17
8083,15
8083,17
8084,11
8085,19
8086,19
8086,20
8087,15
8087,42
8088,11
8088,17
8088,30
8089,18
8089,24
8090,8
8090,17
8090,25
8091,8
8091,16
8091,21
8092,13
8092,42
8093,8
8093,25
8094,19
8095,7
8095,8
8095,25
8096,11
8096,17
8096,21
8097,7
8097,8
8097,10
8098,8
8098,13
8099,9
8099,18
8099,20
8100,1
8100,13
8100,17
8101,12
8101,18
8102,5
8102,8
8103,1
8103,13
8104,13
8104,17
8104,42
8105,8
8105,17
8105,23
8106,8
8106,13
8106,17
8107,17
8107,42
8108,13
8108,17
8108,25
8109,18
8109,20
8109,34
8110,8
8110,13
8110,25
8111,13
8111,17
8111,30
8112,13
8112,16
8112,17
8113,19
8114,5
8115,13
8115,16
8115,42
8116,8
8116,13
8116,17
8117,19
8117,20
8118,8
8118,10
8119,1
8119,7
8119,13
8120,1
8120,27
8121,4
8121,12
8121,28
8122,8
8123,13
8123,17
8123,25
8124,9
8124,12
8125,11
8126,11
8126,21
8127,11
8128,13
8128,16
8128,17
8129,18
8129,35
8130,13
8130,15
8130,23
8131,13
8131,16
8131,42
8132,8
8132,13
8132,16
8133,1
8133,13
8133,17
8134,1
8134,17
8135,19
8136,13
8136,17
8136,23
8137,13
8137,17
8138,8
8138,25
8139,9
8139,33
8139,40
8140,35
8141,1
8141,17
8141,25
8142,17
8142,42
8143,5
8144,5
8145,8
8145,17
8146,5
8147,11
8148,13
8148,17
8148,42
8149,13
8149,16
8149,21
8150,5
8150,8
8151,5
8151,8
8152,1
8152,8
8153,8
8153,17
8153,23
8154,5
8155,13
8155,17
8156,13
8156,16
8156,17
8157,18
8157,26
8157,29
8158,1
8158,27
8159,1
8159,27
8160,11
8160,17
8161,15
8161,16
8161,42
8162,8
8162,17
8162,25
8163,1
8163,17
8163,23
8164,19
8164,34
8165,39
8166,34
8167,12
8168,11
8168,30
8169,1
8169,13
8169,17
8170,11
8170,17
8171,13
8171,42
8172,18
8172,35
8173,5
8174,5
8175,5
8176,13
8176,17
8176,27
8177,1
8177,13
8177,17
8178,8
8178,13
8178,25
8179,15
8180,6
8180,34
8181,5
8181,8
8182,11
8183,8
8183,13
8183,17
8184,18
8184,24
8185,8
8185,13
8185,17
8186,1
8186,8
8186,16
8187,1
8188,1
8189,15
8189,16
8189,42
8190,24
8190,26
8191,13
8192,8
8193,11
8194,1
8194,17
8195,15
8195,42
8196,7
8196,11
8197,18
8197,35
8198,12
8198,18
8198,28
8199,4
8199,12
8199,28
8200,4
8200,24
8201,11
8202,15
8203,15
8203,16
8203,42
8204,13
8204,30
8205,4
8205,12
8205,18
8206,11
8207,4
8207,12
8208,1
8208,27
8209,13
8209,17
8209,25
8210,1
8210,8
8210,25
8211,27
8211,42
8212,15
8212,16
8212,42
8213,13
8213,16
8213,17
8214,13
8214,42
8215,13
8215,16
8215,30
8216,5
8216,13
8216,17
8217,8
8217,13
8217,25
8218,13
8218,17
8218,25
8219,1
8219,27
8220,8
8220,13
8221,8
8221,17
8222,1
8222,13
8222,17
8223,15
8223,42
8224,16
8224,42
8225,13
8225,16
8225,17
8226,18
8226,24
8227,13
8227,42
8228,10
8228,15
8229,11
8229,30
8230,13
8230,14
8231,1
8231,13
8231,17
8232,13
8232,17
8232,42
8233,15
8233,42
8234,18
8234,24
8235,13
8235,17
8235,23
8236,13
8236,17
8236,42
8237,13
8237,16
8237,17
8238,13
8238,14
8239,5
8239,8
8240,7
8240,13
8241,4
8241,12
8241,18
8242,13
8242,16
8243,8
8243,25
8244,8
8244,13
8244,16
8245,13
8245,17
8245,27
8246,8
8246,17
8246,42
8247,15
8247,42
8248,18
8248,20
8248,34
8249,5
8249,8
8250,1
8250,10
8250,27
8251,8
8251,10
8251,17
8252,7
8252,16
8252,42
8253,12
8253,28
8254,8
8255,13
8255,17
8256,13
8256,17
8256,25
8257,5
8258,13
8258,17
8259,1
8259,16
8259,17
8260,13
8261,11
8261,30
8262,19
8262,34
8263,13
8263,42
8264,13
8264,17
8265,15
8265,42
8266,11
8266,15
8267,15
8267,42
8268,3
8269,11
8270,15
8270,27
8270,42
8271,13
8271,17
8272,42
8273,18
8273,34
8274,13
8275,1
8275,8
8276,1
8276,8
8277,13
8277,17
8278,12
8279,13
8279,16
8280,16
8280,27
8280,42
8281,7
8281,10
8281,15
8282,13
8282,25
8283,15
8283,16
8284,4
8284,9
8284,35
8285,11
8285,17
8286,8
8286,16
8286,21
8287,13
8287,30
8288,15
8288,17
8288,42
8289,15
8290,13
8290,16
8291,8
8291,17
8292,8
8293,4
8293,9
8293,35
8294,1
8294,10
8294,17
8295,5
8295,8
8296,5
8296,8
8296,25
8297,1
8297,13
8297,17
8298,1
8298,27
8299,11
8300,1
8300,17
8301,15
8302,35
8303,13
8304,11
8304,30
8305,13
8305,42
8306,4
8306,19
8307,12
8307,18
8307,28
8308,8
8308,13
8308,17
8309,11
8309,30
8310,13
8310,16
8310,42
8311,13
8311,42
8312,12
8312,18
8313,15
8313,16
8313,17
8314,8
8314,13
8314,25
8315,13
8315,16
8315,42
8316,8
8317,13
8317,14
8318,13
8318,14
8319,13
8319,14
8320,13
8320,14
8321,1
8321,13
8321,17
8322,4
8322,24
8323,1
8323,7
8323,10
8324,1
8324,13
8325,4
8325,9
8325,18
8326,1
8326,8
8327,34
8328,15
8329,15
8329,42
8330,5
8330,13
8330,14
8331,11
8332,13
8333,15
8334,13
8334,17
8335,13
8335,16
8336,1
8337,8
8337,14
8337,17
8338,18
8338,20
8338,24
8339,11
8340,18
8340,24
8341,11
8341,17
8341,23
8342,1
8342,27
8343,8
8343,13
8344,4
8344,12
8344,28
8345,1
8346,11
8346,30
8347,1
8347,27
8348,4
8348,34
8349,17
8349,27
8349,42
8350,5
8351,5
8351,8
8352,5
8352,13
8353,8
8353,13
8354,13
8354,17
8354,42
8355,13
8355,17
8356,8
8356,25
8357,4
8357,9
8357,12
8358,15
8358,16
8358,42
8359,9
8359,12
8360,13
8360,17
8361,11
8361,17
8362,12
8362,18
8362,29
8363,8
8363,13
8363,25
8364,19
8365,13
8365,17
8366,13
8366,42
8367,24
8368,13
8368,17
8369,26
8369,35
8370,18
8370,20
8370,35
8371,13
8371,25
8371,27
8372,5
8372,14
8373,11
8373,17
8374,7
8374,13
8375,15
8375,16
8375,42
8376,13
8377,8
8377,17
8378,11
8379,11
8380,13
8380,30
8381,11
8382,8
8382,13
8382,17
8383,9
8383,18
8383,35
8384,8
8384,16
8385,5
8385,13
8386,5
8387,13
8387,17
8387,42
8388,9
8388,35
8388,40
8389,8
8389,17
8389,25
8390,15
8390,17
8391,11
8391,14
8392,7
8392,8
8392,30
8393,8
8393,13
8393,30
8394,11
8394,17
8395,1
8395,27
8396,1
8396,27
8397,8
8397,30
8398,11
8398,17
8399,13
8399,17
8400,8
8400,17
8400,27
8401,11
8402,4
8402,12
8402,28
8403,11
8403,23
8404,1
8404,25
8405,1
8405,27
8406,1
8406,27
8407,1
8407,27
8408,11
8409,13
8409,17
8410,7
8410,11
8411,8
8412,35
8412,37
8412,38
8413,12
8414,19
8414,34
8415,18
8415,29
8415,33
8416,13
8416,16
8416,17
8417,15
8417,16
8418,13
8419,12
8420,18
8420,34
8420,35
8421,5
8421,8
8422,4
8422,9
8422,12
8423,13
8423,17
8423,23
8424,8
8425,8
8425,10
8426,7
8426,13
8426,30
8427,7
8427,11
8428,32
8428,34
8429,8
8429,16
8429,25
8430,12
8431,11
8431,17
8432,5
8433,34
8434,8
8434,13
8434,16
8435,8
8435,17
8436,1
8436,8
8437,1
8437,8
8438,13
8438,16
8438,21
8439,1
8440,13
8440,42
8441,11
8441,17
8441,30
8442,8
8442,13
8443,13
8443,23
8443,25
8444,1
8444,13
8444,17
8445,5
8445,8
8446,5
8447,13
8448,5
8448,8
8449,13
8449,16
8450,13
8450,17
8450,42
8451,8
8451,17
8452,5
8453,11
8454,8
8454,13
8454,17
8455,1
8456,8
8456,25
8457,5
8458,1
8458,13
8458,17
8459,11
8460,13
8461,11
8461,30
8462,12
8462,28
8463,5
8463,13
8463,17
8464,13
8464,42
8465,24
8466,11
8466,17
8467,4
8467,12
8467,18
8468,11
8468,30
8469,11
8469,30
8470,11
8470,30
8471,13
8471,16
8471,17
8472,13
8472,17
8473,18
8473,35
8473,36
8474,15
8474,17
8475,15
8475,16
8475,27
8476,13
8476,17
8476,25
8477,15
8477,42
8478,13
8478,17
8479,13
8479,16
8480,1
8481,18
8481,35
8482,11
8482,17
8482,23
8483,42
8484,17
8484,42
8485,8
8485,13
8486,13
8486,16
8487,13
8487,16
8487,17
8488,8
8488,13
8488,16
8489,13
8489,42
8490,13
8491,11
8492,5
8492,8
8493,11
8494,12
8495,8
8495,17
8495,23
8496,13
8497,7
8497,8
8497,16
8498,27
8498,42
8499,15
8499,16
8499,17
8500,13
8500,17
8500,25
8501,9
8501,18
8501,35
8502,13
8503,1
8503,25
8503,27
8504,13
8504,16
8504,25
8505,13
8505,16
8505,17
8506,1
8506,5
8506,8
8507,11
8507,17
8508,13
8508,16
8508,42
8509,12
8510,12
8511,42
8512,11
8512,17
8513,15
8514,19
8515,11
8516,1
8517,13
8517,42
8518,10
8518,15
8518,16
8519,13
8519,17
8520,8
8520,13
8520,16
8521,11
8522,1
8522,27
8523,13
8523,25
8523,27
8524,9
8524,12
8525,13
8525,16
8525,30
8526,42
8527,8
8528,42
8529,11
8529,17
8530,35
8531,1
8531,8
8532,6
8532,38
8533,8
8533,25
8534,15
8534,17
8535,18
8535,35
8535,41
8536,12
8536,28
8537,13
8537,17
8538,11
8539,15
8539,42
8540,12
8541,1
8541,13
8541,17
8542,12
8543,13
8543,17
8544,5
8545,8
8545,30
8546,15
8546,17
8547,8
8547,17
8547,25
8548,35
8549,15
8549,16
8550,15
8550,42
8551,18
8551,26
8551,34
8552,11
8552,17
8553,8
8553,13
8553,14
8554,13
8554,17
8555,1
8556,11
8557,42
8558,18
8558,26
8558,34
8559,8
8559,17
8560,1
8560,8
8560,17
8561,11
8562,13
8562,17
8562,25
8563,11
8563,23
8564,11
8565,18
8565,36
8565,37
8566,18
8566,20
8566,26
8567,8
8567,17
8567,25
8568,11
8568,17
8568,23
8569,13
8569,16
8569,17
8570,1
8570,17
8570,30
8571,1
8571,8
8571,27
8572,5
8573,13
8573,17
8574,13
8574,17
8575,1
8575,17
8576,8
8576,13
8576,17
8577,13
8577,42
8578,7
8578,11
8579,9
8579,18
8579,35
8580,13
8580,17
8580,42
8581,13
8581,17
8582,8
8582,13
8582,17
8583,18
8583,35
8584,9
8584,12
8584,18
8585,5
8586,13
8586,16
8586,27
8587,19
8588,11
8589,8
8589,10
8589,21
8590,4
8590,6
8590,34
8591,19
8591,20
8592,11
8592,17
8592,23
8593,5
8593,8
8594,1
8595,4
8595,12
8595,28
8596,24
8597,13
8597,16
8597,17
8598,8
8598,13
8598,25
8599,8
8600,18
8600,24
8601,1
8602,13
8602,16
8602,17
8603,15
8603,17
8604,1
8604,15
8604,17
8605,8
8605,10
8605,13
8606,13
8606,42
8607,27
8607,42
8608,13
8608,16
8608,42
8609,8
8609,13
8609,16
8610,11
8610,13
8610,17
8611,11
8612,8
8612,10
8612,15
8613,8
8613,15
8613,27
8614,8
8614,15
8614,27
8615,8
8615,15
8615,27
8616,8
8616,15
8616,27
8617,1
8617,8
8617,15
8618,13
8619,8
8619,13
8619,16
8620,1
8620,13
8620,17
8621,17
8621,42
8622,11
8622,23
8623,11
8623,17
8624,18
8624,35
8625,1
8626,7
8626,13
8627,13
8628,13
8628,16
8629,8
8629,15
8629,16
8630,13
8630,14
8630,17
8631,7
8631,11
8632,5
8632,8
8633,15
8634,11
8634,17
8635,6
8635,9
8635,35
8636,15
8636,16
8636,42
8637,4
8637,19
8638,13
8638,17
8639,42
8640,13
8640,16
8640,25
8641,11
8641,17
8642,11
8642,30
8643,13
8643,17
8643,42
8644,18
8644,26
8644,35
8645,13
8645,17
8646,5
8646,8
8647,11
8648,1
8648,11
8648,30
8649,13
8649,16
8649,17
8650,1
8650,5
8650,8
8651,7
8651,11
8652,8
8652,13
8652,16
8653,13
8653,16
8653,17
8654,17
8654,42
8655,8
8655,13
8655,25
8656,13
8656,16
8656,17
8657,1
8657,8
8657,17
8658,1
8659,1
8659,13
8659,27
8660,19
8661,1
8662,1
8662,13
8662,17
8663,8
8663,13
8663,17
8664,11
8665,13
8666,13
8667,1
8667,27
8668,11
8669,13
8669,42
8670,19
8671,13
8671,17
8672,13
8672,17
8673,8
8673,13
8673,17
8674,13
8674,17
8674,42
8675,19
8675,20
8676,13
8677,1
8677,17
8678,1
8678,17
8678,27
8679,13
8679,17
8680,8
8680,16
8681,18
8681,35
8682,13
8683,11
8684,13
8684,16
8684,42
8685,1
8686,8
8686,13
8686,17
8687,13
8688,1
8688,8
8689,15
8689,16
8689,17
8690,8
8690,13
8690,17
8691,12
8691,18
8692,11
8693,11
8694,13
8694,16
8694,23
8695,42
8696,8
8696,17
8696,25
8697,13
8697,16
8698,11
8698,17
8699,8
8699,13
8699,16
8700,13
8700,17
8701,34
8701,35
8702,13
8702,16
8702,17
8703,4
8703,12
8703,28
8704,8
8704,17
8705,5
8706,13
8706,16
8707,8
8707,15
8707,16
8708,7
8708,13
8708,17
8709,11
8709,30
8710,8
8710,13
8710,17
8711,18
8711,34
8711,35
8712,18
8712,26
8712,34
8713,15
8713,42
8714,11
8715,13
8715,42
8716,13
8716,17
8716,25
8717,35
8718,11
8718,17
8719,11
8719,17
8720,1
8720,8
8720,13
8721,8
8722,8
8722,13
8722,16
8723,27
8723,42
8724,8
8724,16
8724,42
8725,11
8725,21
8725,23
8726,7
8726,13
8726,16
8727,18
8727,26
8727,34
8728,11
8729,11
8730,11
8731,4
8731,12
8731,28
8732,4
8732,12
8732,28
8733,1
8733,8
8733,27
8734,13
8734,16
8735,11
8735,17
8735,30
8736,5
8736,7
8736,8
8737,11
8737,17
8738,24
8739,7
8739,13
8740,18
8740,35
8740,40
8741,13
8741,16
8742,8
8742,13
8742,16
8743,5
8743,13
8744,13
8744,16
8745,13
8745,16
8745,30
8746,9
8746,12
8747,11
8747,23
8748,1
8748,13
8749,4
8749,12
8750,22
8751,15
8751,16
8751,42
8752,8
8752,17
8752,25
8753,13
8753,17
8754,11
8755,1
8756,15
8757,1
8757,30
8758,1
8759,13
8759,16
8759,17
8760,13
8760,16
8760,17
8761,13
8761,17
8761,25
8762,13
8762,17
8762,23
8763,1
8763,8
8763,17
8764,8
8764,13
8764,17
8765,13
8765,16
8765,17
8766,18
8766,34
8767,5
8767,8
8768,17
8768,21
8768,25
8769,17
8769,21
8769,25
8770,17
8770,21
8770,25
8771,3
8771,19
8772,2
8772,5
8773,8
8773,15
8773,16
8774,19
8775,5
8776,19
8777,5
8778,8
8778,25
8779,13
8779,17
8780,8
8780,13
8780,17
8781,1
8781,8
8782,8
8782,13
8782,16
8783,1
8783,17
8784,5
8784,8
8785,13
8785,16
8785,17
8786,3
8786,19
8787,18
8787,35
8788,19
8789,8
8789,13
8789,17
8790,13
8790,17
8791,18
8791,26
8791,35
8792,13
8792,17
8792,42
8793,10
8793,13
8793,42
8794,19
8794,20
8794,34
8795,8
8795,15
8796,5
8796,8
8797,13
8797,17
8797,23
